Country,Age,Salary,Purchased
Spain,29.0,55459.0,No
Germany,,81897.0,No
Germany,36.0,35081.0,No
Spain,42.0,62119.0,Yes
France,47.0,75109.0,No
France,30.0,53448.0,No
France,53.0,,No
Germany,35.0,41169.0,No
Spain,38.0,61801.0,No
Germany,31.0,43394.0,No
France,18.0,20000.0,No
Germany,47.0,81492.0,Yes
Germany,45.0,77332.0,No
France,35.0,57288.0,No
France,39.0,62552.0,No
France,43.0,76735.0,No
France,22.0,47829.0,No
Spain,33.0,65287.0,No
Spain,46.0,62779.0,No
France,25.0,63655.0,No
Spain,41.0,,No
France,24.0,49319.0,No
France,43.0,48157.0,No
Spain,38.0,62323.0,No
Spain,,34680.0,No
Germany,50.0,62023.0,No
France,31.0,42804.0,No
Spain,30.0,39113.0,No
Spain,40.0,86502.0,No
France,49.0,85514.0,Yes
Spain,28.0,73102.0,No
France,39.0,45080.0,No
France,42.0,63914.0,No
Germany,45.0,49916.0,No
Germany,40.0,52440.0,No
Germany,34.0,44879.0,No
France,30.0,66627.0,No
France,39.0,55221.0,No
Germany,27.0,62371.0,No
Spain,18.0,48449.0,No
France,42.0,90773.0,No
Spain,47.0,49582.0,Yes
France,18.0,56311.0,No
Germany,28.0,63870.0,No
France,44.0,53092.0,No
Spain,59.0,89803.0,Yes
France,38.0,63421.0,No
Spain,31.0,49918.0,No
Spain,36.0,47667.0,No
France,52.0,62945.0,No
Germany,32.0,77984.0,No
Germany,30.0,52015.0,No
Germany,33.0,64241.0,No
Germany,28.0,41129.0,No
Spain,39.0,50946.0,No
Germany,54.0,86806.0,No
France,41.0,45913.0,Yes
France,35.0,51946.0,No
France,35.0,56982.0,No
France,22.0,46468.0,No
Spain,47.0,64999.0,No
France,37.0,63249.0,No
Germany,36.0,65890.0,Yes
Spain,65.0,92316.0,Yes
France,41.0,50059.0,No
Spain,30.0,49024.0,No
France,34.0,69700.0,No
Germany,49.0,80272.0,No
France,39.0,,No
Germany,24.0,50473.0,No
Germany,47.0,43734.0,No
France,31.0,53750.0,No
France,57.0,98833.0,No
Germany,49.0,57546.0,Yes
Germany,34.0,45162.0,No
Germany,51.0,79898.0,No
Germany,39.0,41297.0,No
France,47.0,59282.0,No
Spain,43.0,70720.0,No
France,30.0,43971.0,No
Germany,32.0,,No
Spain,48.0,77400.0,No
France,35.0,61246.0,No
France,34.0,58769.0,No
France,28.0,46534.0,No
France,42.0,67453.0,No
Germany,59.0,76278.0,No
Spain,27.0,55086.0,No
Germany,38.0,53455.0,No
Spain,52.0,69719.0,No
France,37.0,46604.0,No
Germany,43.0,62851.0,No
Germany,27.0,39906.0,No
Spain,42.0,49686.0,No
Germany,36.0,60620.0,No
Spain,48.0,70624.0,No
Spain,50.0,79281.0,No
Spain,64.0,77333.0,Yes
France,44.0,69313.0,No
France,41.0,68742.0,No
France,40.0,,No
Spain,34.0,46114.0,No
France,41.0,64039.0,No
Spain,35.0,60911.0,No
Germany,40.0,60802.0,No
France,51.0,46021.0,No
Spain,28.0,,No
Germany,49.0,96009.0,Yes
France,51.0,66734.0,No
France,37.0,49400.0,No
France,18.0,45680.0,No
France,32.0,57478.0,No
Germany,51.0,85186.0,No
Germany,38.0,43900.0,No
Spain,28.0,58983.0,No
Germany,33.0,61742.0,No
Germany,46.0,65060.0,No
France,43.0,68185.0,No
Germany,36.0,69403.0,No
Spain,34.0,66366.0,No
Germany,34.0,41958.0,No
Germany,29.0,60740.0,No
France,54.0,72962.0,No
France,35.0,57174.0,No
France,50.0,71033.0,No
Spain,53.0,71089.0,No
Germany,48.0,82485.0,No
Germany,34.0,54311.0,No
France,,49399.0,No
Spain,38.0,54260.0,No
Spain,29.0,53211.0,No
France,41.0,76870.0,No
France,26.0,55826.0,No
France,50.0,59683.0,No
Germany,33.0,84841.0,No
France,,,No
Spain,41.0,77054.0,No
Germany,35.0,55049.0,No
Spain,44.0,70881.0,No
Germany,33.0,64999.0,No
Germany,47.0,81660.0,No
France,25.0,59775.0,No
Spain,39.0,70804.0,No
France,,72869.0,No
France,28.0,43336.0,No
France,31.0,57092.0,No
Spain,43.0,75023.0,No
Spain,,58144.0,No
France,42.0,75138.0,No
France,43.0,81034.0,No
Germany,44.0,53917.0,No
France,49.0,59144.0,No
France,42.0,61204.0,No
Spain,36.0,60720.0,No
Germany,45.0,58958.0,No
France,57.0,92525.0,No
Germany,37.0,63095.0,No
Germany,28.0,50903.0,No
France,49.0,51933.0,No
Germany,37.0,42327.0,No
Spain,18.0,44572.0,No
Spain,46.0,41236.0,No
Spain,33.0,66534.0,No
Spain,37.0,56487.0,No
France,41.0,,No
Germany,40.0,88609.0,No
France,45.0,63408.0,No
France,34.0,54005.0,No
France,43.0,75765.0,No
Spain,35.0,77302.0,No
Germany,,46193.0,No
France,44.0,43302.0,No
Spain,29.0,43317.0,No
France,49.0,75967.0,No
Spain,33.0,60339.0,No
France,46.0,79310.0,No
Germany,42.0,48109.0,No
Spain,56.0,47950.0,No
Germany,36.0,67485.0,No
France,35.0,46118.0,No
Spain,38.0,34803.0,No
France,35.0,58212.0,No
Germany,46.0,75918.0,No
Germany,22.0,43189.0,No
France,27.0,44223.0,No
Spain,27.0,47677.0,No
Germany,48.0,63306.0,Yes
Spain,55.0,58419.0,No
Spain,37.0,49684.0,No
France,36.0,63936.0,No
France,39.0,63691.0,No
Germany,50.0,71674.0,No
Germany,,38912.0,No
Spain,40.0,59167.0,No
France,48.0,41852.0,No
Spain,43.0,65852.0,No
Germany,40.0,78053.0,No
Germany,48.0,50520.0,No
Germany,18.0,34169.0,No
Germany,45.0,69250.0,No
Spain,31.0,68347.0,No
France,20.0,37346.0,No
France,43.0,55494.0,No
Germany,52.0,47936.0,No
Spain,37.0,59204.0,No
France,48.0,92281.0,No
France,54.0,77039.0,No
Spain,51.0,70767.0,No
France,54.0,77825.0,No
France,45.0,65746.0,No
Spain,39.0,50123.0,No
Germany,22.0,54662.0,No
Spain,36.0,,No
France,30.0,51822.0,No
Germany,60.0,67034.0,No
France,36.0,73259.0,No
France,39.0,68285.0,No
Germany,44.0,57528.0,No
Spain,38.0,71614.0,No
Germany,55.0,68485.0,Yes
Spain,32.0,44212.0,No
Spain,40.0,51835.0,No
France,31.0,31265.0,No
Spain,25.0,52978.0,No
France,32.0,31720.0,No
France,38.0,44125.0,No
Germany,34.0,30429.0,No
Spain,31.0,51935.0,No
Germany,24.0,44739.0,No
Spain,37.0,54532.0,Yes
Germany,23.0,33147.0,No
Spain,46.0,51974.0,No
Spain,39.0,65514.0,No
Spain,23.0,39475.0,No
France,,60213.0,No
Germany,30.0,41808.0,No
France,41.0,64245.0,No
France,51.0,86903.0,Yes
Spain,19.0,49357.0,No
France,39.0,,No
Germany,36.0,60845.0,No
Germany,45.0,62354.0,No
Germany,40.0,61213.0,No
Spain,30.0,48525.0,No
France,35.0,54356.0,No
Germany,30.0,54581.0,No
Spain,49.0,56964.0,No
Germany,38.0,47201.0,No
Germany,57.0,59648.0,Yes
Germany,37.0,39451.0,No
France,31.0,38217.0,No
Spain,23.0,,No
Germany,20.0,32258.0,No
France,22.0,51106.0,No
France,41.0,62021.0,No
Spain,43.0,40156.0,No
Germany,22.0,52829.0,No
Germany,47.0,76985.0,No
Spain,33.0,42926.0,No
France,39.0,65563.0,No
Spain,54.0,,Yes
Germany,47.0,68444.0,No
France,35.0,41609.0,No
Spain,29.0,29662.0,No
Germany,18.0,36606.0,No
Germany,31.0,51243.0,No
Germany,36.0,52528.0,No
Germany,28.0,36107.0,No
Spain,37.0,53220.0,No
France,39.0,63123.0,No
Germany,36.0,56638.0,No
Germany,31.0,55540.0,No
Germany,40.0,52677.0,No
Germany,42.0,77238.0,No
Spain,27.0,35272.0,No
Spain,52.0,77749.0,No
Germany,37.0,72495.0,No
Spain,38.0,65141.0,No
Germany,45.0,63144.0,No
Germany,40.0,54959.0,No
Germany,48.0,80211.0,Yes
France,41.0,44708.0,No
Spain,32.0,42047.0,No
France,42.0,57683.0,No
Spain,27.0,63758.0,No
France,39.0,,No
Spain,38.0,47284.0,No
Spain,36.0,53603.0,No
France,37.0,50671.0,No
Spain,19.0,33746.0,No
France,33.0,66008.0,No
France,39.0,43575.0,No
Germany,40.0,79944.0,Yes
Spain,28.0,59890.0,No
France,51.0,83682.0,No
Spain,29.0,45849.0,No
Germany,48.0,66126.0,No
France,42.0,45847.0,No
Spain,32.0,47088.0,No
France,56.0,81102.0,No
France,26.0,64010.0,No
Spain,47.0,54187.0,No
Spain,48.0,63819.0,No
Spain,31.0,51349.0,No
Germany,52.0,54983.0,No
Germany,35.0,64046.0,No
Spain,41.0,53110.0,No
France,41.0,,Yes
Germany,37.0,52568.0,No
France,46.0,57025.0,No
Spain,46.0,66257.0,No
France,21.0,40876.0,No
France,51.0,66477.0,No
Germany,21.0,35496.0,No
Germany,48.0,72327.0,No
Germany,49.0,89184.0,No
Spain,27.0,51060.0,No
France,34.0,67456.0,No
France,27.0,32566.0,No
France,36.0,59159.0,No
Spain,35.0,43259.0,No
Germany,46.0,48494.0,No
Spain,51.0,62120.0,No
France,52.0,86064.0,No
Germany,32.0,65541.0,No
Germany,36.0,60233.0,No
Spain,21.0,25657.0,No
Spain,30.0,49592.0,No
Spain,48.0,71504.0,No
France,54.0,75847.0,No
Spain,26.0,25965.0,No
Germany,32.0,43184.0,No
France,38.0,58193.0,No
France,41.0,68157.0,No
France,30.0,25560.0,No
France,42.0,61071.0,No
Germany,,56652.0,No
Germany,38.0,69265.0,No
Spain,43.0,72431.0,No
France,38.0,66249.0,No
Spain,34.0,45673.0,No
Spain,37.0,35317.0,No
France,37.0,53688.0,No
Spain,34.0,67889.0,No
Spain,35.0,73592.0,No
Spain,54.0,82114.0,No
Spain,44.0,,No
France,35.0,61096.0,Yes
Spain,45.0,58799.0,No
Spain,35.0,54635.0,No
Spain,50.0,89787.0,No
Germany,,51216.0,No
Spain,,77612.0,No
France,42.0,59365.0,No
France,22.0,60967.0,No
Spain,,32177.0,No
France,26.0,55486.0,No
Spain,39.0,51645.0,No
Germany,55.0,57809.0,No
Spain,60.0,81904.0,No
Spain,44.0,77056.0,No
Spain,43.0,53568.0,No
Spain,20.0,25002.0,No
Spain,33.0,53214.0,No
Germany,30.0,51061.0,No
Spain,32.0,60192.0,No
Germany,36.0,69082.0,No
Germany,33.0,54238.0,No
France,18.0,63652.0,No
France,45.0,68622.0,No
France,27.0,45388.0,No
France,40.0,42014.0,No
France,59.0,74715.0,No
Germany,29.0,46889.0,No
France,18.0,52724.0,No
France,35.0,62176.0,No
Germany,49.0,54956.0,No
France,58.0,78892.0,No
Germany,26.0,56192.0,No
France,43.0,82007.0,No
France,33.0,65662.0,No
Germany,37.0,67377.0,No
Spain,64.0,83720.0,Yes
Germany,23.0,50333.0,No
Germany,41.0,,No
Germany,43.0,47416.0,No
France,49.0,64779.0,No
France,39.0,50811.0,No
Germany,41.0,66522.0,No
Germany,34.0,70438.0,No
Germany,41.0,54458.0,Yes
Spain,35.0,27428.0,No
Spain,44.0,59847.0,No
Germany,34.0,66835.0,No
Spain,,69045.0,No
Germany,38.0,64075.0,No
Germany,49.0,65975.0,No
Spain,37.0,43389.0,No
Germany,20.0,49426.0,No
Germany,51.0,60546.0,No
France,29.0,77258.0,No
Germany,31.0,60162.0,No
Spain,32.0,46871.0,No
Germany,52.0,64233.0,No
France,18.0,,No
Germany,65.0,80626.0,Yes
Spain,49.0,82107.0,No
France,40.0,63446.0,No
Germany,37.0,,No
France,41.0,84455.0,No
France,43.0,64482.0,No
Germany,44.0,74233.0,No
Germany,44.0,56902.0,No
Spain,39.0,64364.0,No
Spain,36.0,61157.0,No
Spain,36.0,35163.0,No
France,36.0,81629.0,No
France,,84892.0,No
Germany,44.0,59776.0,No
Germany,18.0,27973.0,No
Germany,45.0,69274.0,No
Germany,40.0,,No
France,38.0,63300.0,No
Spain,34.0,58002.0,No
France,49.0,75392.0,No
Spain,47.0,85095.0,No
Spain,30.0,59061.0,No
Germany,42.0,50268.0,Yes
Spain,28.0,66806.0,No
France,24.0,66471.0,No
France,32.0,91384.0,No
Germany,47.0,53480.0,No
Spain,48.0,70693.0,No
France,43.0,38833.0,Yes
France,45.0,72364.0,No
Germany,43.0,57267.0,No
France,32.0,76508.0,No
Germany,42.0,53792.0,No
Germany,46.0,46133.0,No
France,46.0,60333.0,No
France,50.0,46194.0,No
Germany,45.0,74588.0,No
Spain,,37582.0,No
Spain,49.0,69173.0,No
Germany,38.0,34028.0,No
Germany,29.0,47420.0,No
Germany,36.0,77453.0,No
Germany,31.0,56824.0,No
Spain,31.0,42761.0,No
France,37.0,57525.0,No
Germany,30.0,52284.0,No
Spain,35.0,62100.0,No
Spain,19.0,25755.0,No
Germany,40.0,68230.0,No
France,38.0,26758.0,No
Spain,30.0,44288.0,No
France,45.0,59274.0,No
Spain,47.0,75238.0,No
France,22.0,45004.0,No
France,30.0,35469.0,No
France,30.0,40458.0,No
Spain,29.0,53125.0,No
Germany,46.0,65716.0,No
Spain,36.0,50506.0,No
Germany,35.0,51049.0,No
Spain,18.0,49554.0,No
France,44.0,58706.0,No
Germany,26.0,46990.0,No
France,39.0,85779.0,Yes
Germany,41.0,44612.0,No
France,52.0,49224.0,No
Germany,25.0,56824.0,No
France,18.0,33056.0,No
Germany,40.0,57036.0,No
Spain,56.0,66031.0,No
Germany,50.0,67233.0,Yes
France,40.0,80269.0,No
Spain,33.0,,No
Germany,46.0,76811.0,No
Spain,28.0,33443.0,No
Spain,43.0,49673.0,No
Germany,43.0,29680.0,No
Spain,49.0,59029.0,No
Spain,65.0,94980.0,No
Spain,42.0,68935.0,No
Germany,33.0,51961.0,No
France,38.0,58702.0,No
France,20.0,35012.0,No
Germany,31.0,55405.0,No
Germany,34.0,64707.0,No
Spain,33.0,35093.0,No
Spain,40.0,64167.0,No
France,30.0,62987.0,No
France,49.0,64308.0,No
Spain,,67610.0,No
Spain,38.0,92892.0,No
Spain,35.0,54997.0,No
France,40.0,65316.0,No
Germany,46.0,57769.0,No
Germany,29.0,53571.0,No
Germany,31.0,58800.0,No
Spain,35.0,58805.0,No
France,25.0,34851.0,No
Germany,,54303.0,No
Germany,33.0,72460.0,No
France,47.0,72453.0,No
Germany,41.0,73107.0,No
Germany,40.0,58098.0,No
Germany,47.0,75857.0,No
Germany,37.0,61315.0,No
Spain,42.0,51303.0,No
Spain,37.0,62093.0,No
Germany,41.0,49688.0,No
Germany,32.0,46361.0,No
France,18.0,43472.0,No
France,37.0,61558.0,No
Spain,52.0,57734.0,No
Germany,47.0,80184.0,No
Germany,48.0,74753.0,Yes
France,50.0,61868.0,No
Spain,39.0,41547.0,No
Spain,40.0,59237.0,No
Germany,32.0,,No
Germany,35.0,57713.0,No
Germany,44.0,60385.0,No
Spain,50.0,45945.0,Yes
Spain,37.0,53285.0,No
France,33.0,51481.0,No
France,38.0,66809.0,No
Germany,44.0,56232.0,No
Germany,24.0,66349.0,Yes
Germany,18.0,20000.0,No
Germany,32.0,69979.0,No
Spain,26.0,45522.0,No
Germany,33.0,64942.0,No
Germany,37.0,58828.0,No
Germany,33.0,68795.0,No
France,53.0,67624.0,No
Spain,41.0,48957.0,Yes
France,41.0,78950.0,No
Germany,44.0,63438.0,No
Spain,27.0,51609.0,No
France,48.0,83369.0,No
Germany,37.0,46135.0,No
Spain,45.0,72380.0,No
Spain,27.0,42475.0,No
France,22.0,43630.0,No
Germany,46.0,67428.0,No
Spain,42.0,44585.0,No
Germany,29.0,41735.0,No
Spain,29.0,67586.0,No
Germany,49.0,79963.0,No
Spain,26.0,47744.0,No
Spain,54.0,76902.0,Yes
Germany,29.0,47564.0,No
Spain,44.0,81225.0,No
France,,53838.0,No
France,44.0,67411.0,No
Germany,33.0,68055.0,No
Spain,36.0,48406.0,No
Germany,38.0,78274.0,No
France,28.0,31815.0,No
France,45.0,85423.0,No
France,33.0,50109.0,No
Spain,36.0,,No
Spain,28.0,27571.0,No
Spain,18.0,35742.0,No
Spain,36.0,45003.0,No
Germany,62.0,73622.0,No
Spain,46.0,64614.0,No
Spain,38.0,,No
Germany,35.0,59325.0,No
Spain,38.0,63094.0,No
Spain,43.0,,No
Germany,26.0,38004.0,No
Germany,49.0,90814.0,No
France,45.0,56816.0,No
Germany,45.0,85538.0,No
Spain,42.0,60230.0,No
France,38.0,59404.0,No
Spain,45.0,78100.0,No
Germany,44.0,79789.0,No
Spain,34.0,54684.0,No
France,32.0,49379.0,No
Spain,39.0,59446.0,No
France,53.0,77197.0,No
France,26.0,58744.0,No
France,23.0,46043.0,No
France,40.0,68109.0,No
France,39.0,79318.0,No
France,40.0,65336.0,No
Spain,40.0,65135.0,Yes
France,36.0,38964.0,No
Spain,,41040.0,No
Germany,22.0,49452.0,No
Spain,,50606.0,No
Spain,37.0,52093.0,No
France,22.0,47334.0,No
France,36.0,56892.0,No
France,55.0,87687.0,No
France,38.0,60421.0,No
France,40.0,52313.0,No
France,25.0,59741.0,No
France,32.0,51047.0,No
France,34.0,,No
Spain,35.0,50612.0,No
France,51.0,62937.0,Yes
Spain,44.0,65229.0,No
Spain,27.0,49351.0,No
Germany,40.0,67176.0,No
France,43.0,60460.0,No
Germany,49.0,47425.0,No
Spain,54.0,68232.0,No
France,28.0,59590.0,No
Germany,30.0,48334.0,No
Germany,25.0,44925.0,No
France,36.0,68930.0,Yes
France,43.0,54854.0,No
Germany,48.0,49572.0,No
Germany,,56589.0,No
France,35.0,50511.0,No
France,40.0,48971.0,No
Spain,30.0,49579.0,No
Spain,59.0,83904.0,No
Spain,22.0,44620.0,No
Spain,40.0,,No
Spain,58.0,99173.0,No
Germany,38.0,55147.0,No
France,36.0,60830.0,No
France,34.0,49872.0,No
Germany,36.0,,No
Germany,52.0,64537.0,No
Spain,18.0,35455.0,No
Spain,53.0,77315.0,No
France,24.0,74573.0,No
Spain,35.0,48208.0,No
Spain,34.0,50337.0,No
France,,63740.0,No
France,22.0,49566.0,No
Spain,43.0,66522.0,No
France,58.0,92828.0,Yes
France,24.0,20000.0,No
France,40.0,32264.0,No
France,31.0,47292.0,No
France,42.0,76201.0,No
Germany,38.0,40585.0,No
Spain,32.0,20000.0,No
Germany,43.0,70445.0,No
Germany,56.0,78363.0,No
Spain,36.0,44399.0,No
France,45.0,53851.0,No
Spain,25.0,35924.0,No
Spain,28.0,51918.0,No
Germany,43.0,55936.0,No
Spain,53.0,78486.0,No
France,42.0,28145.0,No
France,35.0,46100.0,No
Spain,38.0,45681.0,No
Spain,25.0,44870.0,No
Spain,44.0,58184.0,No
Spain,47.0,76715.0,Yes
Germany,33.0,32819.0,No
Spain,,55516.0,No
France,41.0,68293.0,No
France,34.0,77549.0,No
France,37.0,52824.0,No
France,59.0,81991.0,Yes
France,36.0,35330.0,No
France,34.0,27271.0,No
France,32.0,63509.0,No
France,45.0,65831.0,No
Germany,36.0,71711.0,No
France,32.0,36875.0,No
Spain,51.0,77331.0,No
Spain,52.0,94402.0,No
Germany,32.0,58833.0,No
France,19.0,45720.0,No
Spain,48.0,68370.0,No
Germany,31.0,34188.0,Yes
Germany,46.0,82583.0,No
Germany,18.0,34139.0,No
France,47.0,73287.0,No
France,26.0,29543.0,No
Spain,45.0,51623.0,No
Germany,38.0,76550.0,No
Spain,28.0,46447.0,No
Spain,34.0,72976.0,No
France,45.0,64438.0,No
Germany,39.0,38050.0,Yes
France,44.0,75165.0,No
France,58.0,69909.0,Yes
Spain,22.0,53506.0,No
Spain,54.0,74057.0,No
France,,41622.0,No
France,29.0,53082.0,No
Spain,25.0,73582.0,No
France,,63414.0,No
Spain,,66805.0,No
France,37.0,70956.0,No
Spain,53.0,75328.0,No
Spain,23.0,48654.0,No
France,38.0,45992.0,No
France,25.0,,No
France,42.0,74898.0,No
France,,57149.0,No
Germany,34.0,72507.0,No
France,18.0,40100.0,No
Germany,40.0,50337.0,No
France,42.0,75102.0,No
Germany,42.0,59397.0,No
Germany,50.0,79436.0,No
Spain,27.0,46059.0,No
Spain,45.0,64604.0,No
Spain,50.0,75855.0,No
Spain,20.0,46683.0,No
Germany,41.0,38130.0,No
Germany,33.0,41207.0,No
Germany,37.0,69619.0,No
France,41.0,60743.0,No
Germany,33.0,48530.0,No
Germany,31.0,36816.0,No
France,38.0,46551.0,No
France,27.0,25153.0,No
Germany,27.0,48212.0,No
Spain,45.0,,No
Germany,27.0,,No
France,45.0,,No
Germany,43.0,67731.0,No
France,21.0,68786.0,No
France,31.0,34959.0,No
France,50.0,83860.0,No
Germany,28.0,62047.0,Yes
Spain,33.0,45671.0,No
Spain,43.0,65797.0,No
Spain,46.0,60759.0,No
Germany,35.0,59164.0,No
Spain,32.0,71932.0,No
Germany,52.0,79269.0,Yes
Spain,55.0,80953.0,No
Spain,48.0,62846.0,Yes
Spain,39.0,42159.0,No
France,30.0,49424.0,No
Germany,30.0,66205.0,No
Spain,43.0,45577.0,No
France,42.0,50305.0,Yes
Germany,,73330.0,No
Spain,45.0,53238.0,No
Spain,23.0,,No
Germany,,63584.0,No
Spain,28.0,33830.0,No
France,34.0,44055.0,No
Germany,41.0,69893.0,Yes
Spain,58.0,61473.0,No
France,65.0,64326.0,Yes
France,44.0,57100.0,No
Germany,36.0,66335.0,No
Spain,43.0,61647.0,Yes
Spain,47.0,61614.0,No
Germany,35.0,56846.0,No
Germany,56.0,54408.0,No
France,40.0,67207.0,No
France,43.0,68281.0,No
France,45.0,60282.0,No
Germany,42.0,75065.0,No
France,46.0,,No
Spain,32.0,67180.0,Yes
Germany,32.0,56029.0,No
Germany,27.0,45260.0,No
Spain,42.0,62917.0,No
Germany,46.0,64923.0,No
France,43.0,77963.0,No
Germany,55.0,61350.0,No
France,38.0,49999.0,No
Spain,45.0,77654.0,No
Germany,27.0,42228.0,No
France,34.0,66522.0,No
France,45.0,85853.0,No
Germany,46.0,62020.0,No
Germany,35.0,64731.0,No
Spain,37.0,44711.0,No
Germany,23.0,54596.0,No
Spain,34.0,58380.0,No
France,47.0,72890.0,No
Spain,44.0,56630.0,No
France,43.0,43773.0,No
Germany,38.0,65687.0,No
Spain,38.0,34503.0,No
Spain,31.0,49449.0,No
Spain,45.0,76784.0,No
Germany,42.0,65292.0,No
France,43.0,87008.0,No
Spain,,66767.0,No
Spain,18.0,33353.0,No
Spain,49.0,69402.0,No
France,33.0,54322.0,No
Germany,29.0,32449.0,No
Germany,45.0,,No
Spain,34.0,48943.0,No
Germany,49.0,44305.0,No
Germany,44.0,65323.0,No
Germany,45.0,62363.0,No
France,24.0,26832.0,No
Spain,50.0,74958.0,No
Spain,41.0,70142.0,No
Spain,34.0,58601.0,No
Germany,39.0,56602.0,Yes
Germany,20.0,50311.0,No
Germany,42.0,71041.0,No
Spain,28.0,53624.0,No
France,24.0,37131.0,No
Germany,23.0,48818.0,No
Germany,49.0,83560.0,No
France,32.0,46377.0,No
Germany,53.0,98179.0,Yes
Germany,33.0,48070.0,No
Spain,21.0,44223.0,No
Spain,27.0,41081.0,No
Spain,50.0,,No
France,36.0,36890.0,Yes
France,33.0,47713.0,No
Germany,40.0,47535.0,No
France,,65340.0,No
France,49.0,81190.0,No
Spain,52.0,,No
Spain,34.0,27502.0,No
Germany,25.0,71770.0,Yes
Spain,34.0,59022.0,No
Spain,41.0,52225.0,Yes
Germany,28.0,52412.0,No
Spain,28.0,52700.0,No
France,41.0,54292.0,No
Spain,38.0,61137.0,No
France,38.0,52206.0,No
France,30.0,47521.0,No
Spain,36.0,48891.0,No
Spain,29.0,33690.0,No
Germany,47.0,68962.0,Yes
Spain,48.0,75541.0,No
Spain,20.0,48763.0,No
Spain,29.0,,No
France,23.0,49623.0,No
Spain,31.0,46957.0,No
France,37.0,68525.0,No
Germany,24.0,29863.0,No
France,29.0,40095.0,No
Spain,28.0,38594.0,No
France,40.0,74026.0,No
Germany,39.0,71138.0,No
Spain,31.0,58552.0,No
Spain,40.0,73655.0,No
France,33.0,43728.0,No
Germany,35.0,60938.0,No
France,55.0,72759.0,No
Germany,51.0,81427.0,No
France,25.0,46121.0,No
France,46.0,62048.0,No
France,,72993.0,No
Spain,27.0,59380.0,No
Spain,46.0,58549.0,No
France,53.0,72308.0,No
Germany,27.0,36396.0,No
Spain,29.0,20966.0,No
Spain,48.0,70764.0,No
Spain,,68950.0,No
Spain,44.0,67308.0,No
Spain,,,No
France,42.0,58506.0,No
France,25.0,20642.0,No
Germany,48.0,85062.0,No
Germany,50.0,56694.0,Yes
Spain,36.0,72200.0,Yes
France,38.0,70159.0,No
Spain,23.0,34613.0,No
Spain,43.0,50235.0,No
France,,68553.0,No
France,37.0,48508.0,No
Germany,49.0,70549.0,No
Spain,35.0,50399.0,No
France,44.0,42908.0,No
France,28.0,23257.0,No
France,38.0,61708.0,No
Germany,36.0,50892.0,No
France,40.0,,No
France,34.0,,No
Germany,37.0,72098.0,No
France,46.0,63364.0,No
Spain,34.0,51182.0,No
France,22.0,50743.0,No
France,55.0,58663.0,No
France,,74311.0,No
Germany,25.0,54192.0,No
Germany,45.0,73570.0,No
Germany,33.0,31432.0,No
Spain,41.0,52435.0,No
Spain,41.0,51309.0,No
France,36.0,58289.0,No
France,30.0,57915.0,No
Germany,31.0,70946.0,No
France,,45015.0,No
France,30.0,45743.0,No
France,37.0,72391.0,No
France,31.0,56317.0,No
France,45.0,80550.0,No
Spain,53.0,76050.0,No
Spain,32.0,40094.0,No
Germany,40.0,45357.0,No
Germany,43.0,45079.0,No
Spain,43.0,71393.0,Yes
France,39.0,74147.0,No
Spain,45.0,88076.0,Yes
Spain,43.0,73658.0,No
France,26.0,62015.0,No
Spain,47.0,60062.0,No
Spain,47.0,53309.0,No
Spain,30.0,62531.0,No
Spain,38.0,64554.0,Yes
France,45.0,66639.0,No
Germany,36.0,61965.0,No
Germany,49.0,72735.0,No
France,62.0,95881.0,No
Germany,30.0,67666.0,No
Spain,24.0,53301.0,No
Germany,41.0,72084.0,No
Germany,45.0,71863.0,Yes
Spain,36.0,51588.0,No
France,53.0,81358.0,No
France,25.0,30419.0,No
Spain,45.0,78083.0,No
Spain,32.0,39413.0,No
France,55.0,78104.0,No
France,58.0,66991.0,No
Germany,30.0,58941.0,No
Germany,33.0,53847.0,No
Spain,47.0,47799.0,No
France,34.0,60764.0,No
France,38.0,51856.0,No
France,38.0,70002.0,No
Germany,19.0,,No
France,38.0,63821.0,No
Spain,31.0,41502.0,No
France,33.0,47690.0,No
Spain,52.0,66689.0,No
Spain,25.0,58172.0,No
Germany,46.0,86647.0,No
France,,47027.0,No
France,35.0,69604.0,No
France,46.0,40277.0,No
Germany,41.0,47930.0,No
Germany,44.0,52830.0,No
Spain,48.0,,No
Spain,35.0,37215.0,No
Spain,32.0,,No
France,27.0,46865.0,No
Germany,30.0,56324.0,No
Spain,65.0,91786.0,No
Spain,50.0,73590.0,Yes
Spain,24.0,54933.0,No
France,25.0,46463.0,No
France,43.0,49293.0,No
Germany,43.0,76819.0,No
France,43.0,57071.0,No
Spain,35.0,45678.0,No
France,,55936.0,No
Spain,41.0,51197.0,No
France,39.0,54964.0,No
Spain,18.0,45329.0,No
Germany,36.0,61312.0,No
France,29.0,40763.0,No
Spain,40.0,54924.0,No
Spain,65.0,96392.0,Yes
Spain,42.0,68464.0,No
Germany,,81279.0,No
Germany,,81658.0,No
France,43.0,77276.0,No
France,42.0,46326.0,No
France,44.0,73828.0,No
Spain,59.0,77072.0,No
France,,42410.0,No
Spain,43.0,65479.0,No
Spain,,62205.0,No
France,44.0,70210.0,No
Germany,29.0,40390.0,No
France,34.0,64353.0,No
France,35.0,48893.0,No
Germany,48.0,70583.0,No
Spain,47.0,63826.0,No
Germany,,45362.0,No
Spain,39.0,68889.0,No
France,31.0,40331.0,No
Germany,25.0,71216.0,No
Germany,36.0,35394.0,No
Germany,35.0,49252.0,No
France,62.0,85483.0,Yes
Spain,42.0,70108.0,No
Spain,24.0,45596.0,No
France,32.0,53428.0,No
Germany,48.0,73319.0,No
France,59.0,75223.0,No
Germany,22.0,61644.0,No
Spain,19.0,52353.0,No
France,57.0,86513.0,No
Spain,42.0,51113.0,No
Germany,29.0,50433.0,No
Germany,,60406.0,Yes
Germany,18.0,29133.0,No
Spain,38.0,63552.0,No
Germany,41.0,55699.0,No
Germany,47.0,75383.0,No
France,28.0,37233.0,No
Spain,39.0,80600.0,No
France,29.0,40115.0,No
Germany,41.0,64130.0,No
Germany,29.0,60644.0,No
France,34.0,48679.0,No
Germany,28.0,60467.0,No
Germany,45.0,50310.0,No
France,47.0,84351.0,No
Spain,,57258.0,No
Germany,38.0,52387.0,No
France,24.0,42572.0,No
Germany,35.0,66210.0,No
France,37.0,51735.0,Yes
Germany,64.0,73795.0,No
Germany,27.0,46534.0,No
Germany,53.0,58254.0,No
Spain,48.0,90018.0,No
Germany,41.0,54929.0,No
Germany,56.0,85007.0,No
France,42.0,65063.0,No
Germany,42.0,50888.0,No
France,37.0,58650.0,No
Spain,50.0,79620.0,No
France,49.0,66809.0,No
France,32.0,67886.0,No
France,25.0,,No
Germany,36.0,68400.0,No
France,30.0,46484.0,No
Germany,37.0,45670.0,No
France,50.0,62974.0,No
France,33.0,57439.0,No
Spain,,65364.0,No
Germany,39.0,33663.0,No
France,46.0,66739.0,No
Spain,18.0,43097.0,No
Germany,32.0,50409.0,No
Spain,40.0,76597.0,No
France,50.0,75062.0,No
France,33.0,70495.0,No
Germany,19.0,39719.0,No
France,44.0,76027.0,No
Germany,32.0,73103.0,No
Spain,26.0,64233.0,No
Germany,32.0,40475.0,No
Germany,36.0,54495.0,No
Germany,32.0,49615.0,No
Spain,18.0,47071.0,No
Germany,47.0,75510.0,No
Spain,51.0,60607.0,No
Spain,45.0,65878.0,No
Spain,27.0,24722.0,No
Germany,36.0,74690.0,No
Germany,38.0,52993.0,No
Germany,44.0,65260.0,No
Spain,45.0,61499.0,No
Spain,31.0,66345.0,No
Germany,39.0,25888.0,No
France,43.0,63116.0,No
France,,71033.0,No
Spain,45.0,60097.0,No
France,46.0,87016.0,No
France,39.0,49306.0,No
France,52.0,81156.0,No
France,42.0,67163.0,No
France,29.0,66588.0,No
Germany,52.0,63824.0,No
Spain,45.0,56686.0,No
Spain,,68365.0,No
Germany,33.0,59988.0,No
France,41.0,43330.0,No
Germany,43.0,56897.0,No
Germany,40.0,65612.0,No
France,41.0,72055.0,Yes
Spain,55.0,66349.0,No
Germany,49.0,33873.0,No
Germany,40.0,67194.0,No
Spain,47.0,53028.0,No
Spain,28.0,25699.0,No
France,42.0,28793.0,No
Germany,56.0,85252.0,No
France,36.0,58781.0,No
Germany,,48863.0,No
Spain,,69999.0,No
Spain,27.0,57041.0,No
Spain,30.0,71533.0,No
France,34.0,39153.0,No
France,24.0,46135.0,No
France,,39940.0,No
France,47.0,64568.0,No
Germany,29.0,48047.0,No
Spain,53.0,80393.0,No
France,43.0,64344.0,No
Germany,48.0,75956.0,Yes
Germany,31.0,,No
Germany,47.0,,No
Germany,27.0,45589.0,No
France,47.0,55920.0,No
Spain,40.0,63700.0,No
Germany,44.0,54552.0,No
Germany,26.0,66403.0,No
France,29.0,47746.0,No
Germany,44.0,57788.0,No
France,29.0,45009.0,No
France,43.0,,No
Spain,24.0,45003.0,No
Spain,46.0,59134.0,No
Spain,26.0,68092.0,No
France,44.0,53897.0,No
Germany,44.0,65257.0,No
France,31.0,60757.0,No
France,44.0,44862.0,No
Germany,41.0,67307.0,No
Germany,33.0,41689.0,No
Germany,28.0,59996.0,No
Germany,18.0,29985.0,No
Spain,41.0,70660.0,No
Spain,22.0,58387.0,No
France,39.0,70395.0,No
Spain,35.0,59845.0,No
Spain,45.0,,No
France,35.0,49565.0,No
Germany,35.0,73887.0,No
Spain,45.0,57393.0,No
France,41.0,,No
France,41.0,70030.0,No
Germany,43.0,53870.0,Yes
France,23.0,33979.0,No
Germany,46.0,48688.0,Yes
Spain,44.0,58917.0,No
Spain,28.0,49057.0,No
Spain,36.0,59920.0,No
Germany,38.0,70262.0,No
Spain,37.0,64312.0,No
Germany,41.0,59914.0,No
Spain,52.0,69704.0,No
France,49.0,75058.0,No
Germany,25.0,62661.0,No
Germany,44.0,66314.0,No
Spain,51.0,65531.0,No
Germany,,50767.0,No
Germany,49.0,51676.0,No
Germany,58.0,85306.0,No
Germany,48.0,75349.0,No
Germany,40.0,68372.0,No
Germany,48.0,67062.0,No
Spain,39.0,77387.0,No
Germany,38.0,53606.0,No
France,34.0,67501.0,No
Germany,54.0,72806.0,No
Germany,30.0,44534.0,No
France,53.0,80102.0,No
Germany,43.0,68614.0,No
France,24.0,,No
France,42.0,63484.0,No
Germany,18.0,40745.0,No
France,,93490.0,No
Germany,47.0,81378.0,No
Germany,32.0,62543.0,No
Spain,39.0,61654.0,No
France,58.0,88873.0,Yes
France,33.0,60864.0,No
Spain,27.0,49984.0,No
Germany,53.0,68892.0,No
Spain,58.0,75892.0,No
France,38.0,21188.0,No
Spain,48.0,70830.0,No
Spain,51.0,65412.0,No
Germany,31.0,71630.0,No
France,33.0,55064.0,No
Germany,50.0,56010.0,No
Spain,55.0,73767.0,No
Germany,,51712.0,No
Spain,29.0,56963.0,No
Spain,58.0,80575.0,No
Germany,33.0,65915.0,No
France,35.0,46693.0,No
Germany,41.0,62689.0,No
Germany,54.0,56807.0,No
France,47.0,75304.0,No
France,42.0,69160.0,No
Germany,43.0,69319.0,No
France,38.0,59611.0,No
Spain,44.0,69201.0,No
Spain,18.0,60452.0,No
Spain,35.0,53109.0,No
France,40.0,63036.0,No
Germany,26.0,35807.0,No
Germany,42.0,52258.0,No
Germany,36.0,58534.0,No
Germany,56.0,88246.0,Yes
France,54.0,70282.0,No
Germany,33.0,52177.0,No
France,36.0,52960.0,No
France,37.0,,No
France,33.0,58675.0,No
Spain,40.0,42988.0,No
Germany,,67747.0,No
Germany,27.0,41039.0,No
Spain,44.0,73467.0,No
France,44.0,49626.0,Yes
Germany,30.0,59987.0,No
Spain,47.0,75322.0,No
Spain,,58126.0,No
France,41.0,49545.0,No
Germany,46.0,69578.0,No
Germany,38.0,44701.0,No
France,43.0,60260.0,No
France,33.0,66905.0,No
Germany,36.0,66992.0,No
Spain,36.0,57529.0,No
France,31.0,40783.0,No
Germany,36.0,65356.0,No
France,23.0,45495.0,No
Spain,33.0,,No
Germany,35.0,66028.0,No
Spain,35.0,56604.0,No
Spain,36.0,71456.0,No
Spain,37.0,45501.0,No
France,43.0,25395.0,No
Germany,47.0,70420.0,Yes
Spain,32.0,56851.0,No
Germany,26.0,28083.0,No
France,28.0,38080.0,No
France,33.0,87878.0,No
France,34.0,52365.0,No
Spain,30.0,61042.0,No
Spain,25.0,39727.0,No
Germany,33.0,30011.0,No
Spain,40.0,58790.0,No
Germany,44.0,61368.0,No
France,32.0,49385.0,No
Germany,34.0,54107.0,No
Germany,29.0,54031.0,No
Germany,38.0,57116.0,No
Germany,30.0,36396.0,No
Germany,44.0,70192.0,Yes
Spain,20.0,,No
France,34.0,31359.0,No
France,,70780.0,No
Germany,40.0,66939.0,No
Spain,65.0,82749.0,Yes
Germany,41.0,45603.0,No
Spain,28.0,41669.0,No
France,37.0,55188.0,No
France,20.0,24063.0,No
Germany,37.0,49606.0,Yes
Spain,30.0,59530.0,No
France,47.0,84566.0,No
Spain,33.0,49221.0,No
France,37.0,67227.0,No
Spain,32.0,30511.0,No
France,55.0,82763.0,Yes
Germany,35.0,46661.0,No
France,56.0,79381.0,Yes
Spain,46.0,63554.0,No
France,43.0,79384.0,No
France,42.0,52025.0,No
Spain,42.0,70275.0,No
Spain,19.0,38497.0,No
Spain,35.0,54790.0,Yes
France,46.0,64600.0,No
Germany,38.0,48612.0,No
Germany,24.0,46384.0,No
Germany,37.0,57977.0,No
France,55.0,77432.0,No
Spain,50.0,,No
France,37.0,68218.0,No
France,48.0,78845.0,No
Germany,34.0,43294.0,No
France,21.0,54290.0,No
Spain,,36644.0,No
Spain,54.0,80320.0,Yes
Germany,35.0,64171.0,No
Spain,36.0,34074.0,No
France,35.0,57617.0,No
France,57.0,70715.0,No
Spain,54.0,64728.0,No
France,60.0,95379.0,No
Spain,36.0,49924.0,No
France,41.0,52184.0,No
France,23.0,46459.0,No
Spain,53.0,80719.0,No
France,26.0,46990.0,No
Spain,40.0,75147.0,No
Germany,27.0,55696.0,No
Germany,32.0,27762.0,No
France,30.0,45311.0,No
France,32.0,46987.0,No
France,33.0,60100.0,No
Spain,33.0,22768.0,No
Germany,46.0,97288.0,No
France,27.0,55629.0,No
Germany,40.0,62971.0,No
France,50.0,84340.0,No
Spain,33.0,82705.0,Yes
Germany,31.0,63188.0,No
Germany,36.0,68511.0,No
Germany,50.0,71386.0,No
Germany,40.0,59249.0,No
France,33.0,48710.0,No
Germany,43.0,53642.0,No
France,27.0,41035.0,No
Germany,45.0,49126.0,No
Spain,42.0,61967.0,No
Germany,35.0,36214.0,No
Spain,30.0,53944.0,No
Spain,29.0,50784.0,No
Spain,43.0,65777.0,No
Germany,50.0,63995.0,No
France,32.0,90387.0,No
France,43.0,79647.0,No
France,,26265.0,No
France,32.0,56733.0,No
Germany,38.0,51624.0,No
France,29.0,38839.0,No
Germany,29.0,34691.0,No
France,31.0,58377.0,No
France,41.0,53653.0,No
Germany,36.0,69128.0,No
Spain,18.0,53125.0,No
Spain,18.0,57687.0,No
Spain,32.0,43510.0,No
Germany,43.0,69024.0,No
France,18.0,48789.0,No
Germany,33.0,49012.0,No
Germany,33.0,45203.0,No
Spain,52.0,91009.0,No
France,34.0,58465.0,No
Germany,42.0,70279.0,No
France,39.0,50606.0,No
France,18.0,26569.0,No
France,46.0,59280.0,No
Spain,40.0,59650.0,No
Germany,43.0,51004.0,No
Germany,65.0,83382.0,No
Germany,18.0,20938.0,No
Spain,55.0,61282.0,Yes
Spain,35.0,64664.0,No
Spain,41.0,69031.0,No
Germany,38.0,54088.0,No
France,34.0,43169.0,No
Germany,32.0,41743.0,No
Spain,41.0,57686.0,No
Spain,23.0,53280.0,No
Germany,46.0,77094.0,No
Spain,34.0,49496.0,No
Germany,27.0,35187.0,No
Germany,33.0,58364.0,No
Spain,51.0,60632.0,No
France,33.0,48163.0,No
Spain,42.0,78329.0,No
Germany,31.0,62547.0,No
France,46.0,67917.0,No
Spain,45.0,50107.0,Yes
Spain,56.0,78374.0,No
Germany,36.0,70372.0,No
France,45.0,60710.0,No
Germany,39.0,76296.0,No
Germany,51.0,86376.0,No
France,31.0,72695.0,No
France,45.0,69568.0,No
Germany,36.0,64496.0,No
France,37.0,75593.0,Yes
Germany,39.0,65394.0,No
Spain,41.0,55455.0,No
France,37.0,52771.0,No
Germany,40.0,63995.0,No
Spain,54.0,57916.0,No
Spain,48.0,66350.0,No
Spain,47.0,80181.0,No
Spain,33.0,28805.0,No
France,29.0,69611.0,No
Spain,48.0,81266.0,No
Germany,47.0,61567.0,No
France,53.0,78975.0,No
Spain,32.0,53802.0,No
France,36.0,71894.0,No
Germany,22.0,56237.0,No
France,34.0,38867.0,No
Germany,48.0,75216.0,Yes
Spain,33.0,52534.0,No
France,44.0,65958.0,No
France,36.0,48747.0,No
France,41.0,83094.0,No
Spain,27.0,61352.0,Yes
France,39.0,51090.0,No
Germany,18.0,25185.0,No
Spain,36.0,52890.0,No
France,22.0,49740.0,No
Spain,50.0,72936.0,No
Germany,46.0,81234.0,No
France,43.0,72879.0,No
France,53.0,,No
France,29.0,54582.0,No
Germany,55.0,58255.0,No
Spain,47.0,65241.0,No
Spain,36.0,69792.0,No
Germany,49.0,68802.0,No
Germany,27.0,55280.0,No
Spain,30.0,,No
Germany,32.0,41365.0,No
France,33.0,52959.0,No
France,27.0,53400.0,No
France,50.0,62339.0,No
France,35.0,54042.0,No
Spain,,51099.0,No
Germany,32.0,67498.0,No
France,20.0,39281.0,No
France,41.0,79064.0,No
Spain,19.0,60335.0,No
Germany,37.0,57610.0,No
France,24.0,34784.0,No
Spain,58.0,52055.0,No
France,47.0,49738.0,No
France,39.0,43666.0,No
Germany,51.0,87115.0,No
Germany,30.0,52973.0,Yes
France,43.0,68767.0,No
Germany,40.0,34353.0,No
Spain,41.0,47201.0,No
Germany,51.0,81296.0,No
Spain,45.0,69234.0,No
Spain,41.0,60032.0,No
Spain,21.0,51084.0,No
Spain,28.0,70189.0,No
France,37.0,55443.0,No
France,39.0,60873.0,No
France,27.0,51339.0,Yes
Germany,62.0,109610.0,Yes
France,53.0,47655.0,No
Germany,44.0,72818.0,No
Germany,39.0,58471.0,No
France,36.0,64091.0,No
Germany,,42744.0,No
Spain,39.0,59310.0,No
Germany,41.0,70057.0,No
France,26.0,85379.0,No
Germany,41.0,71904.0,No
Germany,,47626.0,No
Germany,19.0,36945.0,No
Germany,29.0,46016.0,No
Spain,34.0,33930.0,No
Spain,57.0,72228.0,No
Germany,44.0,73003.0,No
Spain,25.0,31890.0,No
France,43.0,76156.0,No
Germany,,51128.0,No
Germany,,60133.0,No
Germany,,,No
France,37.0,77537.0,No
Spain,51.0,79935.0,No
Spain,25.0,47721.0,No
Spain,24.0,43774.0,No
France,32.0,54867.0,Yes
Spain,48.0,62404.0,No
Germany,23.0,20269.0,No
France,18.0,65706.0,No
Germany,33.0,57003.0,No
Spain,44.0,68943.0,No
Germany,50.0,69307.0,No
Germany,33.0,46210.0,No
Spain,34.0,53266.0,No
Germany,50.0,50392.0,No
Germany,19.0,69697.0,No
Spain,34.0,40889.0,No
France,40.0,48530.0,No
Spain,42.0,57960.0,No
Germany,33.0,70069.0,No
Germany,38.0,59684.0,No
Germany,18.0,26366.0,No
Spain,31.0,68328.0,No
Germany,43.0,,No
France,28.0,56821.0,No
Spain,39.0,,No
France,42.0,,No
France,35.0,82338.0,No
Spain,,52494.0,No
Spain,28.0,70022.0,No
Germany,36.0,61939.0,Yes
Spain,44.0,70681.0,No
Spain,40.0,40306.0,No
France,32.0,51877.0,No
Spain,40.0,51464.0,No
France,45.0,75568.0,No
France,18.0,54053.0,No
Spain,50.0,44738.0,No
Spain,35.0,55909.0,No
Spain,42.0,76492.0,No
Spain,50.0,67735.0,No
Spain,24.0,55604.0,No
Germany,31.0,57029.0,No
Spain,35.0,60703.0,No
Spain,30.0,48890.0,No
France,55.0,60215.0,No
Spain,29.0,38031.0,No
Spain,32.0,62712.0,No
Spain,40.0,61273.0,No
Spain,26.0,46719.0,No
Spain,34.0,50552.0,No
Spain,41.0,58395.0,No
Germany,35.0,68767.0,No
Germany,37.0,54337.0,No
Germany,33.0,38343.0,No
Germany,23.0,54494.0,No
France,41.0,59636.0,No
France,56.0,75371.0,No
France,38.0,78657.0,No
Spain,40.0,60981.0,No
Germany,45.0,68905.0,No
France,25.0,33629.0,No
Germany,55.0,71887.0,No
France,40.0,68335.0,No
Germany,54.0,55222.0,No
Spain,31.0,55013.0,No
France,56.0,76772.0,No
Spain,46.0,66672.0,No
France,44.0,76623.0,No
France,40.0,65319.0,No
France,36.0,74700.0,No
Germany,50.0,58082.0,No
Spain,39.0,62094.0,No
France,18.0,42510.0,No
Spain,27.0,36314.0,No
Germany,36.0,,No
France,41.0,89886.0,No
Spain,37.0,58487.0,No
France,50.0,76231.0,Yes
France,18.0,42654.0,No
Germany,39.0,51929.0,No
France,20.0,20989.0,No
Spain,46.0,57568.0,No
Germany,37.0,41646.0,No
France,42.0,83426.0,No
Spain,29.0,50044.0,No
France,51.0,66564.0,No
Germany,48.0,79245.0,No
Spain,44.0,50991.0,No
Germany,37.0,48832.0,No
Spain,44.0,65236.0,Yes
France,31.0,65183.0,No
Spain,47.0,72920.0,No
Germany,54.0,77025.0,No
Spain,49.0,,No
Germany,31.0,57436.0,No
Germany,42.0,64873.0,No
France,25.0,35202.0,No
France,44.0,64904.0,No
Spain,43.0,50371.0,No
Spain,19.0,43345.0,No
Germany,26.0,42976.0,No
Germany,35.0,87124.0,No
Spain,35.0,56014.0,No
France,26.0,31464.0,No
Germany,42.0,61091.0,No
France,41.0,67696.0,No
Germany,36.0,77532.0,No
Spain,30.0,45324.0,No
Spain,48.0,49649.0,No
France,55.0,,No
Spain,33.0,38281.0,No
Spain,32.0,48457.0,No
Spain,43.0,60529.0,No
France,34.0,55142.0,No
Germany,37.0,66215.0,No
Germany,45.0,57653.0,No
France,19.0,38731.0,No
France,51.0,70893.0,No
France,39.0,61649.0,No
Spain,34.0,56670.0,No
Spain,37.0,63629.0,No
Spain,38.0,68988.0,No
France,21.0,48331.0,No
Spain,53.0,78097.0,No
Spain,38.0,40585.0,No
Spain,42.0,63790.0,No
Germany,48.0,73518.0,No
France,28.0,58757.0,No
Germany,43.0,55153.0,No
Spain,35.0,,No
Spain,46.0,59932.0,Yes
Germany,18.0,47637.0,No
Germany,37.0,70715.0,No
Germany,32.0,48885.0,No
France,42.0,73986.0,No
France,43.0,64912.0,No
Germany,31.0,51340.0,No
Spain,31.0,50254.0,No
France,37.0,67163.0,No
France,29.0,55037.0,No
France,46.0,94088.0,No
Germany,34.0,45650.0,No
France,18.0,47417.0,No
France,34.0,49476.0,No
France,28.0,39422.0,No
Spain,22.0,44388.0,No
France,26.0,49711.0,No
Spain,39.0,95203.0,No
France,51.0,68948.0,No
Germany,41.0,48457.0,No
France,32.0,57018.0,No
Spain,43.0,38407.0,No
Germany,33.0,53965.0,No
Spain,31.0,53141.0,No
Spain,26.0,58346.0,No
France,20.0,,No
France,34.0,49648.0,No
Spain,40.0,58815.0,No
Germany,37.0,49137.0,No
Spain,34.0,41920.0,No
Spain,29.0,54407.0,No
Germany,44.0,49391.0,No
Spain,25.0,42370.0,No
France,46.0,54242.0,No
Spain,,56776.0,No
Germany,30.0,74045.0,No
France,23.0,30380.0,No
Germany,33.0,32451.0,No
France,48.0,66479.0,No
Spain,43.0,64029.0,No
France,48.0,70630.0,No
Spain,43.0,58543.0,No
Germany,,46859.0,No
Spain,35.0,60633.0,No
Spain,30.0,64663.0,No
Germany,51.0,47715.0,No
Germany,26.0,44002.0,No
France,47.0,69809.0,No
Spain,47.0,56221.0,Yes
France,56.0,96441.0,No
Germany,34.0,47888.0,No
Germany,45.0,65115.0,No
Spain,61.0,86407.0,No
Germany,32.0,46546.0,No
Spain,23.0,23226.0,No
Spain,19.0,37136.0,No
France,45.0,77968.0,No
Germany,19.0,38209.0,No
France,34.0,45692.0,No
Germany,42.0,74244.0,No
Germany,40.0,56897.0,No
Germany,42.0,56907.0,Yes
France,40.0,62994.0,No
France,51.0,79959.0,No
France,28.0,79210.0,No
Spain,31.0,63034.0,No
France,30.0,66164.0,No
Germany,46.0,60600.0,No
Spain,47.0,54993.0,No
France,43.0,64009.0,No
Spain,50.0,71137.0,No
Spain,26.0,35655.0,No
Spain,55.0,72101.0,No
Spain,53.0,77701.0,No
Germany,45.0,70145.0,No
Spain,56.0,81288.0,No
Germany,21.0,47782.0,No
Germany,33.0,48396.0,No
France,31.0,46415.0,No
Germany,45.0,51306.0,No
France,27.0,71166.0,No
Germany,46.0,66179.0,No
Spain,52.0,68837.0,No
Germany,,54311.0,No
Germany,41.0,96982.0,No
Germany,28.0,37429.0,No
Germany,,46432.0,No
France,50.0,75437.0,No
France,46.0,73417.0,No
Spain,38.0,70344.0,No
France,34.0,77130.0,No
Germany,18.0,47274.0,No
Spain,27.0,36890.0,No
Germany,57.0,73319.0,No
Spain,25.0,51370.0,No
Germany,40.0,85724.0,No
France,48.0,51493.0,No
Germany,25.0,62337.0,No
Germany,40.0,63021.0,No
Spain,47.0,77695.0,No
Spain,38.0,58089.0,No
Germany,65.0,73391.0,No
France,21.0,53193.0,No
Spain,49.0,76582.0,No
Spain,36.0,69309.0,No
France,46.0,65988.0,No
Spain,42.0,55974.0,No
France,31.0,33896.0,No
France,40.0,71093.0,No
France,19.0,47566.0,No
Germany,44.0,53040.0,No
Spain,41.0,55421.0,No
Germany,44.0,59347.0,No
Spain,49.0,50927.0,No
France,42.0,52696.0,No
Spain,39.0,46927.0,No
Spain,29.0,46321.0,No
France,,43926.0,No
Spain,50.0,,No
France,52.0,96398.0,Yes
Spain,36.0,72087.0,No
Spain,38.0,50266.0,No
France,29.0,54328.0,No
France,50.0,74764.0,No
Germany,45.0,79482.0,No
Spain,57.0,66848.0,No
France,29.0,64400.0,No
Germany,34.0,49223.0,No
France,40.0,45253.0,Yes
Germany,44.0,73708.0,No
Germany,36.0,72748.0,No
France,29.0,82398.0,No
France,47.0,52736.0,No
France,45.0,74077.0,No
France,29.0,46036.0,No
France,52.0,80799.0,Yes
Germany,50.0,52086.0,No
France,39.0,45255.0,No
Spain,39.0,50606.0,No
Germany,44.0,65134.0,No
Germany,29.0,43752.0,No
Spain,38.0,67379.0,No
France,18.0,53523.0,No
Spain,,74283.0,No
Spain,22.0,64572.0,No
Spain,53.0,77721.0,No
France,35.0,41626.0,No
Germany,36.0,73656.0,No
Spain,32.0,46289.0,No
France,35.0,67533.0,No
Spain,52.0,90852.0,No
Spain,18.0,46680.0,No
Germany,51.0,52739.0,No
Germany,41.0,51224.0,No
Germany,26.0,,No
France,,47493.0,No
Spain,55.0,75242.0,Yes
Spain,29.0,59796.0,No
France,26.0,57176.0,No
France,49.0,72781.0,Yes
Germany,41.0,59743.0,No
France,29.0,47007.0,No
Spain,40.0,71444.0,No
France,28.0,56611.0,No
France,49.0,66020.0,No
France,49.0,81738.0,No
Germany,43.0,62440.0,No
Germany,42.0,52235.0,No
Germany,56.0,65943.0,No
Spain,38.0,47452.0,No
France,26.0,45294.0,No
Spain,42.0,78050.0,No
Spain,59.0,68313.0,No
Germany,28.0,52329.0,No
France,34.0,48067.0,No
Spain,42.0,59824.0,No
France,37.0,40594.0,No
France,28.0,47713.0,No
Germany,49.0,66972.0,No
Spain,61.0,86564.0,No
Spain,40.0,63645.0,No
Spain,29.0,36683.0,No
Spain,23.0,,No
Germany,41.0,64045.0,No
Germany,49.0,71516.0,No
Germany,43.0,63366.0,No
Germany,38.0,52965.0,No
France,32.0,56510.0,No
Germany,27.0,55078.0,No
Spain,46.0,45750.0,No
France,47.0,60959.0,No
Germany,23.0,42229.0,No
France,54.0,76583.0,No
Germany,44.0,78686.0,No
Spain,,62535.0,No
Spain,25.0,,No
Spain,24.0,40757.0,No
Germany,37.0,48241.0,No
Spain,43.0,59559.0,No
Spain,56.0,84617.0,No
France,45.0,52909.0,No
Spain,36.0,62150.0,No
France,28.0,29540.0,No
Germany,50.0,63534.0,Yes
Spain,28.0,46564.0,No
Germany,54.0,93955.0,No
France,35.0,53343.0,No
France,54.0,47100.0,Yes
Germany,45.0,41324.0,No
France,37.0,58375.0,No
France,33.0,61891.0,No
France,35.0,60637.0,No
Germany,42.0,65066.0,Yes
Germany,39.0,73842.0,No
Spain,32.0,47381.0,No
France,36.0,68448.0,No
Spain,39.0,40323.0,No
Germany,18.0,30341.0,No
Spain,43.0,41639.0,No
France,28.0,47084.0,No
France,26.0,48265.0,No
France,21.0,45383.0,No
Spain,20.0,43798.0,No
Germany,24.0,35870.0,No
France,31.0,50536.0,No
France,58.0,58810.0,Yes
France,33.0,70826.0,No
Germany,40.0,57156.0,No
France,42.0,56938.0,No
Germany,39.0,79447.0,No
Spain,37.0,43596.0,No
Spain,26.0,34935.0,No
France,53.0,59104.0,Yes
France,56.0,74650.0,No
Spain,,49236.0,No
Germany,28.0,58860.0,No
Spain,35.0,87546.0,No
Spain,28.0,23526.0,No
France,43.0,71059.0,No
Germany,31.0,45960.0,No
Germany,60.0,71649.0,No
France,50.0,62478.0,Yes
Germany,40.0,50208.0,No
Spain,48.0,88657.0,Yes
Spain,49.0,79261.0,Yes
Germany,32.0,54403.0,No
Germany,30.0,68066.0,No
Spain,39.0,41753.0,No
France,47.0,50986.0,No
France,39.0,34316.0,No
Germany,22.0,36614.0,No
France,30.0,53915.0,No
Spain,37.0,59769.0,No
Spain,37.0,60311.0,No
Spain,58.0,60020.0,No
Spain,24.0,56364.0,No
Germany,43.0,66626.0,No
France,53.0,81399.0,Yes
France,61.0,56930.0,No
France,34.0,59298.0,No
Germany,43.0,49370.0,No
Spain,44.0,59560.0,No
France,40.0,67372.0,Yes
Germany,37.0,59404.0,No
Germany,42.0,52905.0,No
Germany,18.0,41275.0,No
Germany,45.0,46960.0,No
France,39.0,,No
Germany,36.0,54734.0,No
Spain,58.0,91044.0,No
Germany,31.0,,No
Germany,34.0,49289.0,No
Germany,58.0,67954.0,No
Spain,30.0,62226.0,No
France,32.0,45736.0,No
Spain,37.0,65612.0,No
Germany,46.0,62177.0,No
Germany,40.0,37359.0,No
France,,40723.0,No
France,33.0,40261.0,No
France,32.0,54141.0,No
Germany,37.0,44220.0,No
Germany,42.0,74144.0,Yes
France,42.0,61871.0,No
Spain,20.0,41085.0,No
Germany,49.0,76646.0,No
Germany,41.0,73040.0,No
Spain,52.0,71420.0,No
Spain,42.0,53943.0,No
Spain,49.0,47824.0,Yes
France,43.0,55166.0,No
Spain,,63909.0,No
Germany,43.0,65185.0,No
Germany,37.0,54177.0,No
Spain,61.0,87907.0,No
Germany,47.0,59846.0,No
France,44.0,63679.0,No
Spain,25.0,61921.0,No
France,25.0,51707.0,No
France,41.0,61114.0,No
Germany,39.0,53286.0,No
Germany,32.0,46074.0,No
France,39.0,50261.0,No
Spain,54.0,67006.0,No
Germany,45.0,74527.0,Yes
France,27.0,46268.0,No
Spain,,41999.0,No
Germany,,73173.0,No
Spain,34.0,59550.0,No
France,34.0,38594.0,No
Spain,33.0,,No
Germany,25.0,49234.0,No
Spain,37.0,78506.0,No
France,32.0,40857.0,No
Germany,18.0,52912.0,No
France,59.0,94471.0,No
Germany,49.0,61455.0,No
France,34.0,52483.0,No
Germany,38.0,46934.0,No
Spain,26.0,46214.0,No
France,55.0,74022.0,Yes
France,57.0,84191.0,No
France,40.0,73692.0,No
Germany,48.0,59435.0,No
Germany,40.0,37170.0,No
Spain,25.0,46915.0,No
Spain,34.0,59016.0,No
Germany,39.0,63380.0,No
Germany,33.0,,No
Spain,36.0,,No
Spain,37.0,76563.0,No
Spain,37.0,63053.0,Yes
Germany,39.0,55190.0,No
France,27.0,43652.0,No
Spain,31.0,50709.0,No
Spain,25.0,67280.0,No
Germany,48.0,65801.0,No
France,18.0,40962.0,No
Spain,50.0,63795.0,No
Spain,52.0,84865.0,No
Spain,35.0,79998.0,No
France,18.0,46607.0,No
Spain,34.0,56941.0,No
Spain,37.0,59064.0,No
Spain,28.0,21493.0,No
Spain,33.0,,No
Germany,53.0,74582.0,No
Germany,45.0,70324.0,No
France,29.0,42341.0,No
Germany,22.0,40208.0,No
Spain,35.0,51325.0,No
France,36.0,69538.0,No
France,43.0,59121.0,Yes
France,33.0,79374.0,No
Germany,,68974.0,No
Germany,57.0,,No
Germany,46.0,64997.0,No
Spain,38.0,,No
Spain,36.0,31219.0,No
France,34.0,75184.0,No
France,50.0,78263.0,No
Spain,32.0,59953.0,No
France,38.0,61592.0,No
France,39.0,43077.0,No
Spain,33.0,48881.0,No
Germany,24.0,56949.0,No
Germany,41.0,49492.0,No
Germany,37.0,28270.0,No
Spain,43.0,60977.0,No
Spain,33.0,,No
Spain,50.0,71814.0,No
Germany,29.0,60051.0,No
France,55.0,,No
Spain,21.0,46577.0,No
Germany,42.0,77459.0,No
Spain,43.0,45251.0,No
Spain,30.0,58095.0,No
Spain,42.0,70538.0,No
France,51.0,55841.0,No
Spain,18.0,23166.0,No
France,43.0,54773.0,No
France,18.0,33262.0,No
France,28.0,59550.0,No
Germany,54.0,66488.0,Yes
France,32.0,43688.0,No
Spain,26.0,41295.0,No
France,36.0,70842.0,Yes
Germany,59.0,77968.0,No
France,20.0,40564.0,No
Spain,27.0,48418.0,No
Germany,53.0,88182.0,No
Germany,57.0,66929.0,No
France,37.0,74055.0,No
Germany,26.0,,No
Spain,59.0,76138.0,No
Spain,54.0,103561.0,Yes
France,45.0,52643.0,No
France,,47644.0,No
Germany,38.0,43970.0,No
Spain,,69186.0,No
Spain,41.0,82448.0,No
Germany,53.0,92298.0,No
Germany,47.0,81802.0,No
France,27.0,47132.0,No
Spain,52.0,67206.0,No
France,41.0,41964.0,No
Germany,45.0,89814.0,No
Spain,53.0,78027.0,No
Germany,27.0,43292.0,No
France,38.0,74814.0,No
France,33.0,42744.0,No
France,22.0,49969.0,No
