Date,Humidity,Pressure,WindSpeed,PreviousTemp,Temperature
2020-01-01,67.88,1016.47,8.55,12.77,11.14
2020-01-02,63.41,1019.09,11.88,13.87,11.49
2020-01-03,68.9,1015.83,12.07,13.23,10.91
2020-01-04,75.01,1018.22,13.89,14.14,12.15
2020-01-05,62.68,1010.26,6.53,14.92,14.78
2020-01-06,62.66,1020.76,14.37,17.28,15.25
2020-01-07,75.33,1019.66,1.18,14.79,12.86
2020-01-08,69.63,1015.53,9.48,12.06,12.38
2020-01-09,60.94,1022.87,10.05,18.11,15.25
2020-01-10,68.0,1024.22,14.53,13.82,13.03
2020-01-11,60.93,1011.45,12.09,15.6,12.97
2020-01-12,60.88,1015.63,6.38,16.78,15.34
2020-01-13,65.81,1015.55,8.06,16.3,13.76
2020-01-14,50.69,1014.65,12.79,18.34,16.1
2020-01-15,51.97,1023.44,11.68,17.06,15.01
2020-01-16,60.08,1018.27,9.68,14.19,14.54
2020-01-17,56.89,1017.86,10.08,20.96,16.92
2020-01-18,66.14,1009.11,14.78,16.67,12.45
2020-01-19,57.55,1022.25,9.93,16.0,17.16
2020-01-20,53.98,1012.81,11.65,18.54,17.36
2020-01-21,74.08,1019.25,20.68,17.05,9.78
2020-01-22,62.2,1020.27,6.31,17.48,14.59
2020-01-23,64.21,1025.62,4.59,22.17,16.48
2020-01-24,53.72,1012.2,15.13,16.18,12.88
2020-01-25,59.84,1003.58,9.29,16.19,9.76
2020-01-26,64.38,1019.53,10.73,17.25,14.43
2020-01-27,55.5,1027.54,8.88,19.45,15.81
2020-01-28,66.14,1024.65,10.96,13.89,12.26
2020-01-29,59.26,1019.43,18.39,12.99,9.22
2020-01-30,61.37,1015.85,15.21,16.13,13.68
2020-01-31,59.15,1022.26,15.45,13.94,11.81
2020-02-01,76.27,1013.28,6.34,16.72,15.39
2020-02-02,63.16,1020.44,7.4,18.87,18.0
2020-02-03,55.8,1020.51,1.0,15.93,16.17
2020-02-04,68.9,1023.19,8.76,14.87,12.37
2020-02-05,54.54,1030.0,15.83,18.29,18.63
2020-02-06,64.5,1019.68,14.07,20.16,14.41
2020-02-07,49.26,1015.08,11.11,14.66,11.96
2020-02-08,53.62,1017.41,11.91,20.32,17.41
2020-02-09,64.24,1008.6,9.24,20.45,19.64
2020-02-10,67.97,1013.88,12.82,20.88,16.34
2020-02-11,63.94,1015.21,15.06,21.6,17.06
2020-02-12,61.87,1014.54,5.54,23.9,17.99
2020-02-13,60.5,1017.82,13.2,18.41,16.73
2020-02-14,52.2,1012.85,15.73,19.58,17.9
2020-02-15,57.45,1022.47,10.34,18.56,17.25
2020-02-16,59.2,1016.76,14.8,19.63,15.51
2020-02-17,69.75,1016.62,23.26,23.14,16.41
2020-02-18,64.69,1014.92,11.58,16.96,12.48
2020-02-19,49.88,1017.23,13.57,18.17,16.24
2020-02-20,64.42,1020.47,9.05,23.25,17.68
2020-02-21,59.39,1011.91,12.73,22.61,16.95
2020-02-22,57.28,1012.85,13.84,19.72,15.95
2020-02-23,66.23,1014.51,12.78,22.55,17.33
2020-02-24,69.09,1009.19,7.92,21.58,16.56
2020-02-25,68.32,1011.71,12.83,24.29,19.56
2020-02-26,55.86,1013.32,17.85,21.31,17.56
2020-02-27,59.5,1019.96,13.79,23.56,18.94
2020-02-28,63.91,1016.79,15.85,27.28,21.61
2020-02-29,68.35,1016.33,11.05,22.94,16.98
2020-03-01,58.09,1019.5,15.0,21.9,18.25
2020-03-02,60.07,1014.45,13.12,23.54,19.33
2020-03-03,53.55,1016.97,8.2,21.31,16.57
2020-03-04,52.85,1014.39,13.27,27.54,23.87
2020-03-05,66.84,1016.11,8.03,22.84,17.41
2020-03-06,70.57,1011.76,9.47,22.01,17.53
2020-03-07,60.49,1002.36,12.76,20.94,18.41
2020-03-08,67.95,1013.76,13.19,25.36,21.0
2020-03-09,63.38,1021.43,7.24,25.03,20.67
2020-03-10,56.25,1018.83,16.22,22.19,17.89
2020-03-11,63.22,1018.91,14.29,24.73,21.01
2020-03-12,71.38,1020.14,9.18,20.31,17.27
2020-03-13,60.29,1014.28,5.85,24.21,19.37
2020-03-14,71.42,1014.71,11.42,24.97,18.37
2020-03-15,42.05,1010.51,10.22,27.9,21.14
2020-03-16,66.06,1011.9,12.45,22.62,18.17
2020-03-17,60.84,1016.44,10.55,21.67,17.89
2020-03-18,58.06,1019.26,3.97,22.69,21.04
2020-03-19,60.72,1012.42,10.45,21.89,18.52
2020-03-20,46.09,1010.75,10.78,27.94,25.24
2020-03-21,58.38,1012.88,14.53,28.58,21.83
2020-03-22,62.34,1015.77,9.21,26.05,22.59
2020-03-23,70.11,1005.42,18.71,28.2,20.28
2020-03-24,56.06,1001.04,4.35,25.98,22.53
2020-03-25,53.95,1009.65,17.24,25.65,18.77
2020-03-26,56.02,1006.18,11.1,25.3,20.95
2020-03-27,65.87,1009.62,15.44,25.52,17.19
2020-03-28,61.68,1011.3,12.32,22.97,18.22
2020-03-29,55.6,1009.65,16.56,27.12,22.23
2020-03-30,62.82,1019.06,10.45,26.62,20.81
2020-03-31,59.83,1013.32,7.61,28.52,21.78
2020-04-01,65.86,1013.07,17.68,27.26,22.04
2020-04-02,54.09,1014.56,11.55,26.86,22.0
2020-04-03,56.63,1005.64,12.89,25.47,19.92
2020-04-04,56.11,1016.41,16.94,27.71,22.26
2020-04-05,48.53,1010.72,7.87,29.34,27.97
2020-04-06,60.78,1014.33,14.38,25.37,21.79
2020-04-07,60.46,1005.51,9.64,28.24,24.01
2020-04-08,58.59,1002.98,11.47,28.72,23.34
2020-04-09,56.84,1014.73,12.29,26.79,22.03
2020-04-10,48.5,1012.41,6.0,27.24,20.12
2020-04-11,55.39,1005.9,8.88,29.2,22.79
2020-04-12,55.87,1005.95,17.4,26.36,20.28
2020-04-13,52.58,1015.82,15.54,29.78,21.64
2020-04-14,56.99,1004.13,11.75,27.2,20.31
2020-04-15,60.88,1018.19,12.97,31.66,22.47
2020-04-16,71.19,1005.36,10.82,34.62,26.09
2020-04-17,59.14,1012.95,17.43,27.74,22.91
2020-04-18,59.65,1008.01,11.2,30.96,25.91
2020-04-19,57.26,1012.56,12.93,28.34,23.31
2020-04-20,44.28,1006.72,16.58,32.37,25.0
2020-04-21,57.46,1008.52,8.89,27.45,19.81
2020-04-22,58.0,1009.44,18.24,31.43,22.14
2020-04-23,74.76,1004.12,5.88,28.6,20.23
2020-04-24,56.1,1012.74,18.52,30.21,22.62
2020-04-25,59.5,1006.37,10.51,28.54,22.54
2020-04-26,57.08,1007.7,11.03,32.75,24.66
2020-04-27,49.08,1003.77,4.44,29.24,24.93
2020-04-28,65.2,995.84,10.18,32.43,24.5
2020-04-29,62.41,1007.6,7.84,30.59,24.26
2020-04-30,62.62,1020.53,9.57,31.23,26.42
2020-05-01,50.66,1012.29,11.45,31.94,24.47
2020-05-02,66.79,1008.19,15.83,30.06,23.44
2020-05-03,47.1,1006.88,12.83,32.33,26.28
2020-05-04,60.96,1008.22,13.23,35.36,26.95
2020-05-05,72.13,1010.76,7.62,30.4,24.59
2020-05-06,49.81,1002.03,8.48,34.81,29.21
2020-05-07,52.73,1013.43,19.19,35.65,26.69
2020-05-08,57.34,1011.35,9.06,30.67,24.48
2020-05-09,53.07,1011.29,18.62,29.38,23.73
2020-05-10,45.68,1009.81,11.03,33.35,27.03
2020-05-11,56.97,1007.64,12.01,31.59,25.83
2020-05-12,49.01,1010.83,16.28,37.02,29.73
2020-05-13,59.71,1010.35,17.09,33.09,27.98
2020-05-14,49.91,1005.55,11.56,31.35,23.44
2020-05-15,67.15,1004.38,10.45,30.69,23.47
2020-05-16,50.78,1007.69,11.78,35.71,27.36
2020-05-17,53.96,1014.86,13.35,32.15,26.6
2020-05-18,61.87,1000.86,15.57,33.59,23.52
2020-05-19,47.52,999.65,12.02,35.69,28.98
2020-05-20,57.69,1007.75,14.48,32.61,24.73
2020-05-21,65.21,1007.13,18.55,33.65,24.4
2020-05-22,44.77,1007.68,13.53,33.8,25.63
2020-05-23,57.28,1007.98,13.25,35.42,27.1
2020-05-24,57.77,1005.59,5.92,35.29,29.5
2020-05-25,61.39,1014.1,1.48,33.58,27.15
2020-05-26,47.23,998.6,13.55,34.28,28.2
2020-05-27,46.61,1002.41,11.62,33.39,29.23
2020-05-28,59.48,1005.99,9.94,31.02,24.91
2020-05-29,57.88,998.25,12.97,34.9,26.29
2020-05-30,57.53,1005.54,11.76,38.56,30.6
2020-05-31,58.17,1014.69,16.51,32.51,24.78
2020-06-01,50.96,1006.45,12.34,32.81,25.7
2020-06-02,57.32,1007.46,9.01,32.64,24.05
2020-06-03,57.73,999.97,15.96,36.2,28.98
2020-06-04,50.65,1003.16,11.13,35.64,27.92
2020-06-05,68.7,1004.34,14.11,34.35,26.08
2020-06-06,58.93,1004.59,10.09,32.72,24.44
2020-06-07,47.26,1012.56,9.4,34.98,29.21
2020-06-08,60.18,1008.92,12.34,31.37,23.67
2020-06-09,48.75,1000.55,12.05,35.16,27.89
2020-06-10,61.07,1007.32,13.92,36.79,29.46
2020-06-11,63.66,1008.56,10.93,32.15,26.07
2020-06-12,49.79,1011.76,4.65,31.55,26.29
2020-06-13,62.27,1013.94,10.27,38.42,27.59
2020-06-14,58.41,1000.95,15.18,33.61,29.84
2020-06-15,61.27,1001.96,10.81,37.47,31.15
2020-06-16,68.78,999.72,11.01,34.64,27.1
2020-06-17,53.79,1004.84,15.95,34.64,26.14
2020-06-18,50.22,1008.33,9.15,35.96,28.85
2020-06-19,49.27,1010.94,5.83,33.06,26.62
2020-06-20,49.79,1005.62,11.36,35.29,29.94
2020-06-21,54.96,1004.4,10.06,34.16,27.47
2020-06-22,57.89,1006.77,8.14,32.08,24.61
2020-06-23,57.45,1001.84,11.3,35.72,27.27
2020-06-24,61.3,1016.47,13.97,34.39,28.3
2020-06-25,55.61,998.0,11.96,34.61,29.14
2020-06-26,65.7,1006.97,13.23,32.27,26.73
2020-06-27,53.69,1016.18,19.25,38.41,30.9
2020-06-28,74.59,1006.11,10.63,36.82,27.16
2020-06-29,59.94,1005.15,13.11,36.98,24.33
2020-06-30,49.58,1004.33,9.96,34.16,27.96
2020-07-01,48.09,1005.24,8.61,30.99,25.54
2020-07-02,58.98,1013.03,9.66,39.06,30.81
2020-07-03,54.06,995.13,10.08,34.59,27.31
2020-07-04,60.64,1013.89,13.44,33.04,24.16
2020-07-05,58.98,999.13,21.4,35.56,27.48
2020-07-06,55.17,1004.95,9.14,37.16,30.19
2020-07-07,49.78,1004.18,10.33,34.49,28.65
2020-07-08,45.13,1009.3,11.75,37.3,31.43
2020-07-09,52.63,998.41,13.58,36.81,29.56
2020-07-10,61.78,1008.75,13.05,32.01,24.4
2020-07-11,57.31,1016.6,17.14,32.83,25.7
2020-07-12,47.12,999.71,2.29,36.35,29.94
2020-07-13,57.08,1007.52,2.45,28.21,23.53
2020-07-14,58.6,1003.31,10.02,33.78,27.84
2020-07-15,49.75,1008.8,16.39,30.89,25.66
2020-07-16,57.04,1006.82,5.74,32.92,29.19
2020-07-17,56.41,1003.57,1.0,33.23,29.92
2020-07-18,48.04,1009.27,14.28,33.02,26.78
2020-07-19,58.58,1015.91,12.97,32.51,20.78
2020-07-20,60.04,1006.0,7.64,31.22,26.47
2020-07-21,63.73,1010.61,8.06,38.59,29.27
2020-07-22,63.57,1000.61,8.12,37.57,27.9
2020-07-23,46.59,1002.36,12.44,30.81,24.62
2020-07-24,49.71,1009.57,9.49,36.75,29.04
2020-07-25,59.93,1014.7,13.98,32.3,26.19
2020-07-26,59.96,1009.13,1.0,33.36,25.0
2020-07-27,60.02,1005.85,8.57,32.83,24.54
2020-07-28,83.43,1007.49,7.5,31.41,23.63
2020-07-29,60.5,1001.32,10.97,34.92,27.89
2020-07-30,64.51,1010.67,9.85,32.93,26.52
2020-07-31,63.29,1012.14,15.19,31.49,23.34
2020-08-01,61.22,1005.54,4.56,29.55,22.52
2020-08-02,54.51,1005.54,12.18,30.34,23.63
2020-08-03,62.08,1009.3,14.23,28.58,22.67
2020-08-04,51.41,1005.87,19.43,32.09,27.16
2020-08-05,55.22,1007.81,10.07,29.31,21.06
2020-08-06,53.53,1018.72,13.3,31.24,25.03
2020-08-07,57.56,1007.08,4.78,34.71,26.09
2020-08-08,73.25,1006.61,2.43,34.2,24.23
2020-08-09,44.03,1005.26,15.38,31.36,26.85
2020-08-10,61.97,1012.31,11.98,31.11,25.17
2020-08-11,45.94,1007.78,16.71,35.3,28.83
2020-08-12,53.98,1005.53,6.51,32.18,27.3
2020-08-13,64.97,1015.48,14.08,30.17,22.85
2020-08-14,57.86,1016.07,19.48,27.61,21.23
2020-08-15,49.93,1006.07,13.68,31.48,28.21
2020-08-16,52.53,999.84,13.11,32.29,25.28
2020-08-17,62.36,1014.31,12.03,28.93,23.87
2020-08-18,52.56,1005.95,5.72,30.82,25.32
2020-08-19,59.25,1013.43,17.42,29.23,20.52
2020-08-20,58.12,999.73,9.56,29.47,20.75
2020-08-21,53.31,1014.15,14.02,24.25,19.36
2020-08-22,72.95,1003.74,5.75,29.09,23.74
2020-08-23,62.45,1013.56,7.28,31.55,26.18
2020-08-24,43.9,1010.08,17.74,27.88,24.24
2020-08-25,59.46,1005.35,10.61,29.23,21.92
2020-08-26,53.59,1008.2,17.81,27.29,23.89
2020-08-27,64.26,1013.78,11.69,29.59,22.0
2020-08-28,52.82,1010.99,4.63,28.16,23.89
2020-08-29,57.63,1013.49,15.57,26.41,21.16
2020-08-30,62.04,1020.56,9.64,31.24,24.76
2020-08-31,64.64,1002.97,14.79,30.19,24.82
2020-09-01,50.25,1019.0,12.1,26.65,21.47
2020-09-02,56.39,1011.55,5.83,28.92,22.04
2020-09-03,55.48,1006.65,12.66,28.84,23.15
2020-09-04,54.31,1004.61,20.78,28.9,22.03
2020-09-05,71.31,1010.43,13.97,23.6,22.48
2020-09-06,61.87,1016.1,11.77,29.37,24.23
2020-09-07,50.28,1010.97,16.3,25.73,20.61
2020-09-08,65.61,1019.28,12.84,26.03,19.28
2020-09-09,74.11,1004.59,12.84,32.45,21.71
2020-09-10,66.56,1011.9,7.63,27.14,20.24
2020-09-11,48.78,1005.82,12.94,25.46,21.33
2020-09-12,56.1,1014.02,16.14,21.29,19.43
2020-09-13,68.43,1016.76,8.66,29.02,24.3
2020-09-14,54.69,1010.34,17.7,22.84,18.87
2020-09-15,62.83,999.54,11.63,23.42,18.08
2020-09-16,65.22,1013.68,8.45,24.72,20.28
2020-09-17,53.39,1014.99,15.99,28.4,22.28
2020-09-18,59.53,1014.95,10.85,26.81,23.96
2020-09-19,37.34,1019.22,15.04,24.59,21.45
2020-09-20,52.94,1007.81,10.83,25.44,20.95
2020-09-21,58.42,1016.69,11.76,23.27,16.37
2020-09-22,51.53,1019.37,13.97,24.73,20.5
2020-09-23,71.77,1004.63,13.16,24.41,19.62
2020-09-24,50.4,1015.24,4.02,26.21,21.2
2020-09-25,57.41,1011.25,7.52,26.03,20.52
2020-09-26,61.48,1013.48,15.72,24.82,20.74
2020-09-27,70.73,1015.74,11.47,22.77,15.98
2020-09-28,50.67,1011.69,9.91,25.03,22.51
2020-09-29,68.94,1010.86,6.57,23.02,17.78
2020-09-30,60.95,1014.53,7.68,20.68,16.94
2020-10-01,54.08,1009.04,3.91,22.0,17.62
2020-10-02,64.26,1009.17,11.59,22.91,18.8
2020-10-03,62.49,1018.11,9.61,24.55,23.26
2020-10-04,56.97,1009.09,8.13,21.98,19.52
2020-10-05,61.74,1018.28,11.73,19.56,15.24
2020-10-06,58.63,1017.37,13.46,22.18,19.81
2020-10-07,62.19,1006.55,20.37,22.14,16.73
2020-10-08,66.11,1011.9,5.95,22.14,19.93
2020-10-09,72.65,1021.37,16.64,23.59,19.14
2020-10-10,52.95,1010.61,15.89,23.65,15.62
2020-10-11,76.62,1013.31,8.88,19.94,14.22
2020-10-12,48.1,1018.05,12.81,19.73,18.71
2020-10-13,60.77,1019.77,10.17,18.64,16.15
2020-10-14,66.02,1014.7,12.74,22.31,16.48
2020-10-15,63.94,1013.08,18.04,23.8,17.76
2020-10-16,57.68,1023.29,14.42,19.77,14.3
2020-10-17,60.65,1024.98,14.03,19.78,16.51
2020-10-18,58.73,1021.28,10.28,23.39,22.44
2020-10-19,58.12,1016.92,6.06,21.12,19.24
2020-10-20,68.26,1012.56,11.17,20.82,19.47
2020-10-21,64.88,1012.55,16.83,17.09,14.91
2020-10-22,57.59,1019.41,5.89,21.06,19.61
2020-10-23,68.81,1018.99,7.78,17.38,17.13
2020-10-24,64.72,1024.01,12.51,16.79,14.73
2020-10-25,68.33,1020.35,8.06,18.38,15.1
2020-10-26,67.11,1009.68,8.83,17.72,15.92
2020-10-27,56.96,1022.55,10.31,18.38,18.03
2020-10-28,58.9,1012.4,6.54,15.56,13.33
2020-10-29,68.11,1015.56,8.1,20.71,15.95
2020-10-30,67.21,1018.82,14.81,20.95,16.88
2020-10-31,62.85,1027.64,6.77,14.05,14.07
2020-11-01,63.88,1030.0,5.61,20.36,18.65
2020-11-02,72.05,1020.87,9.48,16.3,11.6
2020-11-03,59.03,1017.01,14.93,19.85,18.98
2020-11-04,67.05,1020.68,11.21,17.69,13.87
2020-11-05,61.86,1022.53,10.14,17.79,14.99
2020-11-06,61.8,1016.57,12.18,17.2,13.4
2020-11-07,71.07,1027.23,5.02,20.16,20.36
2020-11-08,69.21,1019.49,13.98,14.65,12.4
2020-11-09,69.17,1020.9,13.53,18.61,13.91
2020-11-10,72.67,1021.82,10.36,19.58,16.85
2020-11-11,63.72,1020.67,16.02,18.63,16.26
2020-11-12,68.4,1022.83,7.49,22.07,17.87
2020-11-13,61.5,1015.62,16.51,15.69,14.23
2020-11-14,65.98,1015.98,12.62,18.86,14.31
2020-11-15,62.84,1013.34,10.65,16.42,13.31
2020-11-16,64.48,1021.1,11.92,19.28,13.4
2020-11-17,68.0,1022.86,11.57,16.45,12.06
2020-11-18,58.15,1021.32,16.88,15.53,15.78
2020-11-19,78.56,1027.46,7.69,19.17,17.47
2020-11-20,56.91,1019.12,8.95,15.13,13.9
2020-11-21,55.49,1022.55,16.15,13.02,14.1
2020-11-22,72.13,1013.8,9.62,14.92,12.02
2020-11-23,69.6,1017.38,15.6,17.34,13.48
2020-11-24,68.46,1022.84,18.8,18.97,15.05
2020-11-25,68.52,1023.66,10.39,16.08,13.42
2020-11-26,64.07,1017.99,14.73,18.67,15.01
2020-11-27,57.9,1019.15,7.39,12.72,13.6
2020-11-28,64.74,1011.96,15.02,14.67,12.34
2020-11-29,59.5,1017.81,12.8,14.95,14.05
2020-11-30,71.09,1024.08,13.89,15.27,13.87
2020-12-01,63.26,1022.55,9.42,15.66,14.25
2020-12-02,58.53,1022.21,5.36,16.94,14.1
2020-12-03,62.08,1019.99,14.01,14.39,10.73
2020-12-04,67.24,1019.81,3.75,15.63,13.98
2020-12-05,60.43,1016.5,10.73,15.19,13.12
2020-12-06,58.63,1023.32,15.76,13.21,11.98
2020-12-07,66.11,1021.96,12.77,14.96,12.71
2020-12-08,66.14,1022.34,19.79,14.86,15.46
2020-12-09,60.89,1017.27,16.1,14.78,10.88
2020-12-10,61.15,1009.15,9.38,15.19,10.59
2020-12-11,66.08,1025.42,12.11,15.26,13.54
2020-12-12,54.33,1017.56,11.81,14.12,12.52
2020-12-13,54.62,1015.65,5.67,17.85,16.52
2020-12-14,59.45,1023.44,8.24,12.46,12.63
2020-12-15,63.0,1018.02,9.76,13.44,13.67
2020-12-16,66.67,1025.29,3.86,21.13,15.98
2020-12-17,74.82,1023.08,12.19,12.72,9.78
2020-12-18,70.5,1023.42,11.0,12.02,11.01
2020-12-19,63.38,1013.17,5.31,16.62,15.48
2020-12-20,64.37,1026.06,13.62,10.43,12.52
2020-12-21,57.48,1021.3,14.86,14.49,14.14
2020-12-22,64.36,1018.14,12.91,19.73,16.11
2020-12-23,62.47,1020.7,10.7,11.63,9.59
2020-12-24,66.74,1011.09,14.37,10.68,8.41
2020-12-25,58.68,1022.01,14.72,11.76,10.09
2020-12-26,68.1,1014.8,13.23,17.05,14.68
2020-12-27,75.19,1013.17,8.7,17.57,14.28
2020-12-28,63.68,1012.3,13.11,13.99,10.19
2020-12-29,67.24,1025.46,16.78,16.65,13.07
2020-12-30,69.25,1016.73,9.61,18.24,16.08
2020-12-31,61.59,1027.52,20.39,19.15,16.12
2021-01-01,65.97,1017.16,9.9,14.68,13.37
2021-01-02,64.47,1011.28,12.13,10.2,9.66
2021-01-03,65.05,1014.21,9.31,13.5,13.92
2021-01-04,58.93,1025.94,12.89,14.41,13.32
2021-01-05,64.5,1018.95,5.03,14.82,12.79
2021-01-06,67.79,1016.95,9.82,15.03,11.54
2021-01-07,74.44,1020.46,7.63,17.95,14.91
2021-01-08,70.97,1022.13,12.54,18.35,11.63
2021-01-09,79.3,1025.16,15.98,15.23,11.47
2021-01-10,58.83,1026.78,14.58,18.08,15.29
2021-01-11,70.28,1017.69,2.51,16.51,12.43
2021-01-12,65.43,1012.81,20.17,15.94,11.41
2021-01-13,79.44,1017.33,13.18,17.86,14.63
2021-01-14,58.42,1020.65,8.89,16.09,14.73
2021-01-15,58.17,1014.48,12.63,20.53,17.3
2021-01-16,59.82,1014.46,12.7,12.92,11.94
2021-01-17,49.11,1020.9,9.33,15.03,14.5
2021-01-18,60.26,1018.89,12.79,15.97,15.44
2021-01-19,58.59,1019.23,9.57,17.3,15.35
2021-01-20,64.92,1015.22,10.38,19.21,13.97
2021-01-21,66.21,1017.79,9.25,16.45,16.07
2021-01-22,76.91,1014.26,6.27,13.47,11.56
2021-01-23,70.39,1023.27,12.58,18.55,14.26
2021-01-24,59.66,1023.92,14.34,18.45,14.06
2021-01-25,57.36,1009.45,14.06,12.62,11.78
2021-01-26,67.05,1013.96,15.28,16.98,13.52
2021-01-27,54.32,1011.05,13.3,13.6,14.37
2021-01-28,76.33,1015.21,9.87,15.74,12.05
2021-01-29,71.72,1017.97,15.36,15.32,11.13
2021-01-30,60.13,1011.06,6.57,19.2,17.6
2021-01-31,51.37,1013.62,8.4,17.79,17.25
2021-02-01,72.78,1013.13,8.14,14.82,12.42
2021-02-02,62.45,1019.1,16.32,19.7,16.95
2021-02-03,71.87,1018.33,15.77,14.73,11.71
2021-02-04,51.98,1014.28,13.95,18.74,16.56
2021-02-05,58.89,1018.69,16.29,16.34,15.44
2021-02-06,63.07,1014.99,8.48,17.45,15.72
2021-02-07,63.3,1016.27,13.39,19.5,15.78
2021-02-08,59.77,1025.91,11.5,19.66,18.6
2021-02-09,67.22,1024.15,15.39,21.59,14.2
2021-02-10,55.32,1010.85,11.54,18.6,18.65
2021-02-11,61.74,1021.41,10.46,19.59,14.37
2021-02-12,63.52,1021.22,14.16,18.09,14.24
2021-02-13,66.21,1011.32,15.5,19.6,15.47
2021-02-14,67.53,1021.06,9.33,20.3,16.52
2021-02-15,54.61,1024.55,11.76,19.26,18.21
2021-02-16,51.68,1011.15,7.77,15.65,13.09
2021-02-17,71.3,1012.07,2.01,20.5,17.21
2021-02-18,64.61,1021.65,12.8,20.72,16.23
2021-02-19,56.98,1017.81,14.44,18.57,16.18
2021-02-20,73.01,1019.11,13.05,17.39,13.74
2021-02-21,62.89,1017.95,4.2,23.61,19.9
2021-02-22,70.27,1018.09,10.6,21.6,16.52
2021-02-23,62.42,1009.4,3.13,20.17,16.51
2021-02-24,76.3,1021.16,17.48,18.33,14.31
2021-02-25,74.09,1021.66,7.66,19.18,16.76
2021-02-26,59.99,1014.55,17.02,24.01,18.4
2021-02-27,68.46,1015.37,15.78,21.61,15.76
2021-02-28,66.11,1007.82,8.4,20.25,17.26
2021-03-01,71.1,1017.93,7.47,22.75,18.2
2021-03-02,54.69,1018.11,13.4,20.0,18.18
2021-03-03,66.17,1014.82,8.62,25.25,19.08
2021-03-04,68.71,1020.64,12.41,25.09,17.49
2021-03-05,48.91,1013.23,10.07,21.26,17.9
2021-03-06,52.87,1017.61,4.88,21.07,17.69
2021-03-07,46.8,1009.57,3.08,16.85,15.94
2021-03-08,59.11,1014.43,12.91,19.52,15.51
2021-03-09,65.95,1013.56,9.75,20.0,17.33
2021-03-10,71.36,1015.44,9.79,23.42,18.07
2021-03-11,61.29,1012.35,14.78,22.57,18.34
2021-03-12,72.09,1013.42,16.69,20.5,15.87
2021-03-13,50.96,1018.09,10.91,23.01,20.02
2021-03-14,48.62,1011.66,10.64,24.91,21.12
2021-03-15,60.07,1005.69,14.0,25.13,20.61
2021-03-16,63.08,1022.35,6.57,19.96,16.05
2021-03-17,60.08,1020.39,12.89,24.03,21.5
2021-03-18,45.76,1006.9,14.21,21.44,18.15
2021-03-19,59.53,1016.69,14.72,26.64,19.65
2021-03-20,50.95,1010.61,4.25,26.55,22.87
2021-03-21,64.69,1014.32,8.95,23.02,17.62
2021-03-22,62.49,1014.35,8.49,23.49,20.14
2021-03-23,53.27,1011.59,12.4,24.33,23.09
2021-03-24,56.17,1008.72,13.92,20.56,16.04
2021-03-25,52.28,1009.07,17.99,26.43,21.72
2021-03-26,59.17,1007.82,10.02,25.26,18.21
2021-03-27,66.22,1008.12,10.01,28.16,22.62
2021-03-28,52.56,1011.82,16.6,23.78,18.41
2021-03-29,62.91,1008.46,13.19,25.01,18.97
2021-03-30,55.59,1015.33,17.07,23.23,17.55
2021-03-31,53.68,1019.24,13.15,24.5,21.43
2021-04-01,58.4,1008.78,7.37,24.28,21.4
2021-04-02,51.83,1012.76,6.67,29.24,24.4
2021-04-03,55.13,1013.95,5.79,25.68,20.52
2021-04-04,50.54,1013.69,14.65,27.66,24.79
2021-04-05,72.6,1011.59,16.75,26.71,19.07
2021-04-06,59.02,1014.81,19.4,24.92,16.92
2021-04-07,53.8,1013.39,15.37,27.51,22.88
2021-04-08,60.13,1004.68,16.65,29.37,21.31
2021-04-09,57.77,1015.1,9.68,25.55,22.35
2021-04-10,56.94,1015.08,7.37,30.15,24.13
2021-04-11,62.71,1006.71,15.4,26.67,21.55
2021-04-12,63.64,1010.6,13.67,27.63,23.46
2021-04-13,54.55,1013.72,12.43,30.02,22.71
2021-04-14,54.16,1009.14,13.55,27.55,21.57
2021-04-15,56.2,1015.45,13.29,29.25,23.48
2021-04-16,41.94,1021.79,17.14,28.63,26.15
2021-04-17,47.38,1005.93,17.18,29.76,23.2
2021-04-18,67.48,1002.85,14.18,24.39,17.95
2021-04-19,69.36,1011.17,15.38,25.76,20.33
2021-04-20,56.04,1013.15,14.06,31.29,24.18
2021-04-21,61.75,1008.29,10.16,32.37,25.61
2021-04-22,59.82,1016.6,15.03,28.23,20.43
2021-04-23,79.13,1002.54,6.42,29.84,25.21
2021-04-24,65.35,1012.6,16.22,31.17,22.15
2021-04-25,56.56,1006.01,7.22,32.19,25.45
2021-04-26,50.7,1017.53,13.14,26.34,21.95
2021-04-27,46.08,1018.8,8.62,28.99,27.16
2021-04-28,58.69,1004.91,14.21,30.35,22.05
2021-04-29,51.91,1005.9,11.86,32.76,28.85
2021-04-30,47.19,1012.85,5.62,36.85,31.29
2021-05-01,52.56,1006.53,13.68,30.98,25.36
2021-05-02,49.45,1008.14,9.69,28.52,22.38
2021-05-03,68.78,1008.41,15.52,32.63,25.35
2021-05-04,63.08,998.59,12.01,34.77,25.66
2021-05-05,56.8,1008.04,13.58,32.23,27.07
2021-05-06,67.16,1004.57,8.17,30.12,22.14
2021-05-07,57.29,1005.47,9.64,34.34,27.0
2021-05-08,50.66,1015.07,10.17,33.81,26.82
2021-05-09,67.3,1001.49,15.43,30.21,21.5
2021-05-10,60.36,1011.76,18.71,33.42,26.66
2021-05-11,49.28,1006.22,8.78,34.88,28.96
2021-05-12,55.16,1006.14,16.31,35.4,29.14
2021-05-13,50.31,1011.42,3.32,32.76,24.93
2021-05-14,46.72,1009.09,7.22,32.22,28.15
2021-05-15,62.83,1010.17,8.16,35.81,31.28
2021-05-16,69.67,1012.09,6.59,30.55,23.28
2021-05-17,46.47,1005.53,5.67,34.27,30.75
2021-05-18,60.16,1004.06,13.65,30.39,23.36
2021-05-19,51.62,1001.63,11.14,35.84,26.66
2021-05-20,52.73,1002.86,13.52,33.02,25.77
2021-05-21,51.95,1021.68,14.76,36.46,30.54
2021-05-22,50.01,1013.09,13.06,34.84,26.95
2021-05-23,56.36,1000.06,14.63,31.15,23.58
2021-05-24,50.17,1000.15,11.72,37.05,30.11
2021-05-25,57.85,1009.11,7.25,37.41,29.61
2021-05-26,55.57,1009.39,16.23,36.01,28.83
2021-05-27,54.22,1009.35,9.64,32.46,26.46
2021-05-28,49.5,1005.28,8.26,33.53,27.92
2021-05-29,51.79,1005.88,11.29,34.59,27.08
2021-05-30,61.09,1008.1,8.35,32.79,26.21
2021-05-31,59.28,1006.85,10.33,38.12,28.49
2021-06-01,48.9,995.29,13.38,34.77,29.2
2021-06-02,56.42,1005.2,13.39,28.56,21.92
2021-06-03,60.96,1002.05,8.41,35.31,29.01
2021-06-04,43.99,1007.15,10.05,33.84,27.56
2021-06-05,59.46,1021.17,16.3,34.49,27.28
2021-06-06,51.0,1008.05,13.99,33.89,26.41
2021-06-07,59.61,1004.62,20.3,36.51,26.33
2021-06-08,50.26,1010.77,16.72,37.24,27.12
2021-06-09,42.95,1008.55,16.58,35.43,27.24
2021-06-10,44.18,1008.21,6.45,34.1,27.93
2021-06-11,55.89,1009.12,15.06,34.78,27.53
2021-06-12,57.36,1016.35,11.79,34.94,29.04
2021-06-13,49.21,1000.4,9.8,33.16,26.19
2021-06-14,60.0,1008.41,12.67,36.21,26.98
2021-06-15,43.89,1001.4,15.78,35.97,26.9
2021-06-16,55.05,1008.8,14.0,38.36,30.59
2021-06-17,47.03,1001.42,8.49,37.75,32.19
2021-06-18,50.94,1003.92,14.97,33.48,28.21
2021-06-19,55.83,1004.53,9.45,36.8,29.94
2021-06-20,49.48,1010.88,12.87,32.91,27.47
2021-06-21,52.81,1010.59,10.79,36.53,31.35
2021-06-22,62.55,999.77,11.12,33.86,26.52
2021-06-23,51.47,1006.28,15.06,32.74,26.89
2021-06-24,61.36,1002.47,7.84,35.6,27.36
2021-06-25,47.61,999.73,19.78,29.08,21.38
2021-06-26,59.23,1004.95,4.72,31.1,24.15
2021-06-27,65.62,1004.5,9.61,34.54,26.59
2021-06-28,38.24,1018.19,13.48,35.09,29.37
2021-06-29,49.97,1008.24,14.34,34.08,29.75
2021-06-30,59.6,999.21,11.6,31.39,24.59
2021-07-01,54.15,1003.29,11.77,33.03,27.75
2021-07-02,58.19,1011.25,13.64,35.66,27.31
2021-07-03,51.38,1016.61,11.08,36.04,28.66
2021-07-04,56.23,998.26,17.57,34.69,24.9
2021-07-05,54.55,996.82,15.36,37.23,27.76
2021-07-06,63.84,1015.61,15.49,35.51,27.99
2021-07-07,57.47,1008.23,8.14,32.95,26.34
2021-07-08,58.07,1001.98,11.68,33.92,27.74
2021-07-09,52.85,1009.03,10.8,31.4,25.63
2021-07-10,52.34,993.22,7.98,34.19,26.74
2021-07-11,52.75,1006.46,13.44,36.82,31.81
2021-07-12,58.57,1008.12,9.85,35.82,28.05
2021-07-13,52.89,1011.15,14.62,37.33,30.93
2021-07-14,57.9,1001.5,7.72,33.51,26.01
2021-07-15,70.43,1007.05,18.88,37.07,28.29
2021-07-16,62.03,1002.05,8.41,33.61,27.44
2021-07-17,53.68,1008.0,12.88,37.2,29.58
2021-07-18,64.41,1002.3,15.17,33.84,22.62
2021-07-19,53.18,1004.79,9.72,35.36,28.21
2021-07-20,41.81,1001.91,15.41,36.97,31.31
2021-07-21,49.06,1010.21,7.08,33.21,28.02
2021-07-22,43.06,1011.31,17.81,34.03,28.16
2021-07-23,53.73,1005.9,12.06,36.3,26.42
2021-07-24,56.36,1007.33,9.61,33.07,25.43
2021-07-25,68.01,999.97,10.8,30.37,23.7
2021-07-26,58.61,1005.78,15.24,37.89,29.69
2021-07-27,54.83,1007.1,9.66,32.04,27.31
2021-07-28,62.22,1020.52,9.0,33.32,26.33
2021-07-29,40.98,1001.93,11.11,35.41,29.52
2021-07-30,58.16,1014.89,7.29,31.42,25.46
2021-07-31,61.95,1012.63,19.28,30.43,22.12
2021-08-01,46.26,1009.13,9.73,33.1,24.3
2021-08-02,64.67,1016.6,15.33,28.48,22.77
2021-08-03,59.08,1009.75,12.84,31.67,25.18
2021-08-04,53.86,1009.91,8.06,32.73,25.71
2021-08-05,61.25,1007.79,11.98,31.47,22.54
2021-08-06,72.77,1014.26,15.14,28.55,22.38
2021-08-07,58.2,1013.71,11.25,35.33,27.55
2021-08-08,58.73,1005.19,16.77,31.92,25.43
2021-08-09,53.83,1001.81,16.09,34.71,29.49
2021-08-10,51.16,1007.48,15.68,30.86,21.92
2021-08-11,62.98,1004.59,10.16,29.36,22.13
2021-08-12,51.23,1008.37,7.68,31.76,25.74
2021-08-13,57.79,1014.97,9.55,30.56,26.56
2021-08-14,54.01,1006.59,12.78,28.3,20.71
2021-08-15,60.76,1008.76,14.18,33.99,28.86
2021-08-16,59.81,1009.36,3.31,29.24,24.07
2021-08-17,64.8,1013.42,11.97,26.42,20.77
2021-08-18,54.03,998.04,12.63,33.24,25.9
2021-08-19,55.78,1006.34,10.89,29.07,22.83
2021-08-20,50.89,1010.54,17.17,28.69,24.5
2021-08-21,54.69,1015.59,13.69,25.99,19.93
2021-08-22,60.51,1007.23,17.24,33.56,26.22
2021-08-23,63.24,1000.41,11.14,26.74,20.42
2021-08-24,51.56,1013.0,15.75,29.55,22.9
2021-08-25,64.17,1006.84,18.54,31.27,27.08
2021-08-26,67.64,1004.17,17.25,30.04,23.12
2021-08-27,61.12,1007.11,7.63,28.82,23.87
2021-08-28,71.43,1009.42,10.99,25.05,20.82
2021-08-29,52.95,1007.43,10.62,26.85,20.23
2021-08-30,49.72,999.54,13.96,28.89,25.58
2021-08-31,46.06,1015.17,14.75,26.58,19.08
2021-09-01,69.06,1017.17,8.64,28.6,21.5
2021-09-02,63.24,1014.17,12.27,29.49,22.63
2021-09-03,58.34,1005.34,3.92,29.94,25.1
2021-09-04,60.76,1010.13,17.77,24.96,19.89
2021-09-05,51.0,1011.22,9.95,32.32,26.13
2021-09-06,76.08,1014.37,12.22,29.01,21.85
2021-09-07,59.93,1014.83,10.76,27.15,20.68
2021-09-08,59.87,1007.94,16.58,29.38,20.94
2021-09-09,64.26,1012.14,1.0,32.02,26.75
2021-09-10,62.63,1014.13,11.93,23.48,19.88
2021-09-11,60.9,1019.24,11.58,25.98,23.16
2021-09-12,53.88,1015.61,10.19,21.08,17.1
2021-09-13,62.79,1016.15,18.9,26.56,21.58
2021-09-14,72.74,1012.74,8.45,26.77,20.4
2021-09-15,69.06,1019.5,15.09,25.71,21.52
2021-09-16,70.87,1014.61,13.43,24.18,20.05
2021-09-17,56.22,1008.38,17.05,20.94,17.35
2021-09-18,52.95,1019.82,9.33,26.1,21.57
2021-09-19,59.07,1016.41,9.07,28.31,24.28
2021-09-20,60.42,1010.83,16.38,23.64,19.65
2021-09-21,67.77,1010.77,13.7,25.73,19.05
2021-09-22,48.34,1014.77,5.82,21.14,17.22
2021-09-23,70.97,1015.72,9.84,25.43,19.55
2021-09-24,59.23,1014.51,13.55,23.38,21.03
2021-09-25,57.43,1015.2,15.35,22.4,19.86
2021-09-26,53.41,1022.27,9.28,22.23,17.82
2021-09-27,48.99,1019.24,1.0,22.87,19.14
2021-09-28,66.41,1014.96,14.09,24.41,20.85
2021-09-29,61.24,1018.83,7.12,20.51,16.0
2021-09-30,51.77,1009.08,3.93,22.35,20.18
2021-10-01,51.81,1016.35,1.0,22.96,19.61
2021-10-02,58.6,1023.53,15.26,20.47,19.25
2021-10-03,72.71,1013.51,12.51,26.67,19.4
2021-10-04,59.28,1010.48,11.1,20.67,18.67
2021-10-05,50.65,1011.57,17.56,20.91,17.8
2021-10-06,59.53,1009.5,14.55,20.07,16.75
2021-10-07,59.42,1011.14,18.47,26.01,17.88
2021-10-08,42.52,1013.32,6.43,23.11,17.87
2021-10-09,61.09,1008.26,11.86,19.67,15.9
2021-10-10,59.93,1015.48,5.53,24.0,20.44
2021-10-11,66.49,1020.03,11.08,21.85,16.27
2021-10-12,74.63,1011.09,11.01,21.81,15.38
2021-10-13,69.65,1023.34,14.51,20.33,16.94
2021-10-14,59.95,1018.4,12.18,19.28,17.0
2021-10-15,54.16,1021.11,14.49,21.52,18.06
2021-10-16,79.99,1012.78,14.81,19.42,15.4
2021-10-17,62.46,1020.45,20.62,24.46,17.66
2021-10-18,62.21,1010.82,10.74,17.52,14.25
2021-10-19,62.01,1020.84,8.24,23.54,21.71
2021-10-20,63.63,1017.35,12.98,19.76,16.32
2021-10-21,61.3,1019.36,8.79,20.52,17.52
2021-10-22,58.36,1010.82,17.93,21.55,20.34
2021-10-23,58.62,1012.33,10.87,18.18,13.69
2021-10-24,62.28,1019.89,9.74,21.33,18.84
2021-10-25,58.77,1012.26,10.11,13.33,14.23
2021-10-26,57.65,1019.42,14.87,17.56,14.61
2021-10-27,63.44,1010.36,11.37,16.97,15.27
2021-10-28,60.97,1021.53,9.43,16.11,12.95
2021-10-29,73.35,1011.22,18.66,18.26,12.84
2021-10-30,44.32,1020.24,8.58,19.45,18.49
2021-10-31,70.58,1020.7,12.14,20.01,17.06
2021-11-01,71.72,1014.18,14.61,18.87,16.17
2021-11-02,48.54,1020.66,5.47,16.75,18.01
2021-11-03,60.71,1019.14,13.92,18.9,15.73
2021-11-04,60.57,1015.23,7.78,18.24,17.28
2021-11-05,53.37,1012.97,15.29,19.9,16.39
2021-11-06,57.83,1008.28,8.15,19.43,17.74
2021-11-07,55.55,1019.92,14.77,17.67,15.58
2021-11-08,75.64,1010.43,16.42,15.52,12.31
2021-11-09,69.98,1018.81,15.45,15.94,13.37
2021-11-10,72.38,1017.09,13.01,16.06,10.77
2021-11-11,68.58,1021.88,11.07,16.47,12.29
2021-11-12,55.67,1017.05,9.69,17.64,15.73
2021-11-13,59.95,1016.99,17.88,18.53,13.04
2021-11-14,67.09,1022.36,9.2,16.74,15.31
2021-11-15,55.16,1020.45,7.85,16.79,16.4
2021-11-16,68.75,1020.42,14.66,16.97,14.19
2021-11-17,62.11,1021.25,8.82,15.43,12.22
2021-11-18,61.21,1011.29,8.2,14.44,14.58
2021-11-19,68.85,1022.82,6.23,12.52,13.95
2021-11-20,67.03,1022.15,10.07,14.77,12.93
2021-11-21,61.43,1014.07,11.67,17.25,15.27
2021-11-22,72.11,1017.99,12.97,14.59,12.11
2021-11-23,56.46,1019.07,15.81,15.53,14.27
2021-11-24,68.37,1018.64,14.11,17.01,13.66
2021-11-25,68.24,1021.04,11.24,17.05,14.11
2021-11-26,61.96,1026.57,11.21,13.46,13.42
2021-11-27,66.44,1024.87,14.04,17.96,17.9
2021-11-28,55.43,1012.95,17.09,18.18,13.47
2021-11-29,70.68,1022.66,12.51,13.16,10.97
2021-11-30,62.94,1026.24,10.12,13.77,10.93
2021-12-01,60.6,1021.57,8.03,18.15,17.9
2021-12-02,71.63,1025.12,6.22,15.15,12.28
2021-12-03,59.38,1029.77,14.67,10.54,8.29
2021-12-04,54.47,1024.86,14.31,12.29,12.53
2021-12-05,53.46,1021.02,14.31,14.78,15.73
2021-12-06,68.61,1025.03,11.49,12.73,11.98
2021-12-07,55.43,1020.55,17.63,14.34,12.97
2021-12-08,76.69,1019.97,10.06,15.28,12.8
2021-12-09,49.85,1018.12,15.82,18.39,17.98
2021-12-10,76.31,1027.72,11.85,14.51,10.7
2021-12-11,65.92,1015.83,9.57,17.48,14.48
2021-12-12,63.78,1027.6,14.37,18.24,14.73
2021-12-13,60.65,1022.45,13.64,18.23,13.95
2021-12-14,67.27,1012.97,13.43,15.68,12.4
2021-12-15,64.22,1021.81,12.33,10.72,11.3
2021-12-16,72.21,1009.48,11.85,16.04,13.45
2021-12-17,65.29,1023.12,21.55,17.32,14.66
2021-12-18,65.55,1024.42,16.74,14.83,12.63
2021-12-19,61.95,1017.04,14.89,18.84,16.22
2021-12-20,64.1,1020.62,12.45,16.89,13.23
2021-12-21,66.65,1029.77,16.03,16.25,13.19
2021-12-22,52.53,1017.47,14.07,17.4,15.58
2021-12-23,55.06,1014.7,12.1,15.75,14.38
2021-12-24,69.69,1027.39,10.79,9.54,9.28
2021-12-25,65.68,1029.79,11.68,13.94,12.17
2021-12-26,63.19,1019.98,1.0,17.69,15.32
2021-12-27,64.6,1025.01,12.84,13.3,15.84
2021-12-28,66.89,1026.64,10.05,14.6,13.95
2021-12-29,60.67,1016.2,18.37,12.82,11.54
2021-12-30,58.98,1017.47,12.08,19.07,15.88
2021-12-31,65.79,1026.03,7.24,18.88,15.56
2022-01-01,57.55,1028.27,11.8,13.28,12.3
2022-01-02,67.24,1022.63,7.82,15.59,13.89
2022-01-03,52.45,1015.39,13.89,13.8,10.26
2022-01-04,71.55,1029.69,13.16,16.7,11.71
2022-01-05,67.63,1017.07,15.83,16.51,12.51
2022-01-06,66.09,1018.02,8.84,17.23,14.83
2022-01-07,71.16,1021.37,12.14,16.22,12.96
2022-01-08,75.91,1027.39,6.54,22.0,19.6
2022-01-09,71.33,1023.85,14.81,13.34,9.11
2022-01-10,51.31,1021.61,14.08,11.9,10.62
2022-01-11,55.22,1021.81,13.98,14.86,15.41
2022-01-12,59.77,1019.66,12.01,12.34,11.52
2022-01-13,64.29,1022.19,13.66,12.58,12.25
2022-01-14,67.7,1006.7,18.42,13.73,13.47
2022-01-15,58.97,1017.81,10.86,13.98,11.72
2022-01-16,65.32,1020.45,12.55,13.98,11.93
2022-01-17,58.69,1013.43,7.66,17.3,14.81
2022-01-18,59.66,1021.06,8.53,15.13,11.14
2022-01-19,54.06,1018.05,12.39,15.93,13.9
2022-01-20,57.4,1027.79,16.42,18.38,16.92
2022-01-21,54.36,1026.81,10.97,14.82,14.56
2022-01-22,56.95,1016.55,11.06,16.02,15.0
2022-01-23,71.11,1018.06,10.37,17.5,13.74
2022-01-24,57.05,1018.38,9.86,12.52,10.97
2022-01-25,82.08,1016.42,13.18,11.64,10.51
2022-01-26,67.06,1019.58,6.01,17.75,14.49
2022-01-27,64.85,1014.74,17.12,18.18,14.96
2022-01-28,57.5,1012.81,9.34,21.74,18.51
2022-01-29,68.36,1021.5,14.89,17.66,16.21
2022-01-30,59.38,1021.45,6.92,19.22,18.05
2022-01-31,64.21,1014.2,14.68,17.1,12.36
2022-02-01,81.23,1022.62,14.69,18.3,12.25
2022-02-02,62.58,1014.9,13.54,21.44,18.15
2022-02-03,71.25,1019.24,8.02,13.21,11.28
2022-02-04,58.22,1022.0,13.0,18.92,15.6
2022-02-05,62.85,1017.64,7.27,22.83,20.29
2022-02-06,75.43,1019.99,10.99,18.88,15.13
2022-02-07,58.59,1015.05,16.12,22.02,18.01
2022-02-08,75.6,1016.56,15.19,17.13,14.19
2022-02-09,67.81,1016.42,12.06,18.58,14.6
2022-02-10,58.86,1013.62,8.1,18.86,18.28
2022-02-11,67.16,1016.37,14.58,14.04,10.65
2022-02-12,69.48,1009.42,12.08,16.49,14.09
2022-02-13,66.96,1014.61,2.72,16.78,16.42
2022-02-14,51.56,1015.54,15.13,21.14,16.18
2022-02-15,57.39,1015.58,11.9,21.4,17.49
2022-02-16,60.69,1015.56,16.81,20.34,18.0
2022-02-17,61.83,1016.35,7.62,21.58,19.59
2022-02-18,66.63,1018.96,1.0,19.56,16.62
2022-02-19,63.46,1020.83,13.12,22.71,17.5
2022-02-20,52.81,1013.1,13.17,20.23,18.54
2022-02-21,64.75,1010.23,5.24,20.49,18.61
2022-02-22,66.29,1010.93,8.09,19.94,14.83
2022-02-23,65.86,1013.59,23.02,22.18,15.31
2022-02-24,69.44,1014.16,10.78,19.9,16.24
2022-02-25,67.64,1011.96,14.92,23.14,18.84
2022-02-26,64.95,1009.22,9.4,18.66,14.98
2022-02-27,61.17,1013.31,3.64,18.89,17.31
2022-02-28,49.96,1016.38,11.32,22.98,18.82
2022-03-01,64.53,1018.34,10.94,21.43,14.81
2022-03-02,62.9,1012.46,10.4,20.79,16.54
2022-03-03,63.27,1013.07,11.54,23.91,19.32
2022-03-04,52.36,1010.38,13.06,20.78,17.29
2022-03-05,53.66,1014.75,11.4,21.84,17.07
2022-03-06,68.52,1010.54,6.94,25.53,17.91
2022-03-07,60.8,1017.54,13.94,26.0,20.21
2022-03-08,65.77,1005.62,4.2,26.24,22.24
2022-03-09,61.12,1012.64,3.8,22.33,20.51
2022-03-10,61.05,1015.82,14.96,25.83,22.14
2022-03-11,67.34,1015.12,14.03,21.2,15.76
2022-03-12,57.08,1027.54,11.77,21.46,16.88
2022-03-13,61.29,1015.71,6.42,18.46,16.6
2022-03-14,57.3,1008.82,9.17,27.48,23.17
2022-03-15,57.42,1013.24,10.95,22.07,18.95
2022-03-16,58.22,1004.72,5.62,23.86,17.21
2022-03-17,61.86,1013.08,9.04,22.31,17.27
2022-03-18,56.88,1009.2,14.61,26.01,20.86
2022-03-19,68.95,1017.82,17.71,23.83,19.0
2022-03-20,53.82,1010.37,10.32,21.96,19.6
2022-03-21,58.69,1012.42,15.03,25.97,20.97
2022-03-22,56.84,1009.7,4.34,22.02,19.29
2022-03-23,69.97,1021.45,14.64,23.5,18.52
2022-03-24,61.14,1011.03,8.78,20.88,18.27
2022-03-25,66.91,1021.68,13.23,22.55,18.5
2022-03-26,49.21,1016.47,11.01,26.25,22.27
2022-03-27,61.41,1014.69,17.28,21.71,17.04
2022-03-28,65.69,1014.0,8.5,22.94,18.72
2022-03-29,59.96,1014.01,14.51,26.37,21.69
2022-03-30,66.76,1002.28,10.88,25.35,20.06
2022-03-31,55.61,1010.41,11.37,31.09,25.45
2022-04-01,69.02,1015.91,11.26,30.92,25.67
2022-04-02,75.17,1011.32,8.62,25.14,19.69
2022-04-03,56.46,1004.42,11.94,28.44,21.91
2022-04-04,55.81,1011.07,11.75,29.03,24.59
2022-04-05,69.03,1019.73,12.96,26.24,18.76
2022-04-06,69.83,1017.33,12.34,24.43,17.74
2022-04-07,55.04,1010.67,15.19,27.86,22.8
2022-04-08,55.69,1015.62,15.69,27.67,22.96
2022-04-09,56.58,1008.92,7.8,27.25,20.73
2022-04-10,49.07,1002.12,15.48,29.35,23.14
2022-04-11,51.98,1005.9,7.25,26.88,21.62
2022-04-12,51.31,1018.23,14.35,26.16,21.11
2022-04-13,52.89,1008.93,14.48,29.09,24.66
2022-04-14,57.95,1008.97,4.35,29.86,25.31
2022-04-15,59.76,1008.58,12.37,26.58,21.21
2022-04-16,68.91,1019.49,10.13,31.37,23.75
2022-04-17,51.0,1017.99,8.96,25.58,20.02
2022-04-18,64.81,1020.85,17.4,28.36,23.92
2022-04-19,56.35,1008.86,9.39,29.22,24.42
2022-04-20,57.43,1011.02,8.77,28.53,22.27
2022-04-21,62.44,1001.86,12.3,28.84,23.39
2022-04-22,49.79,1016.72,14.74,34.35,27.59
2022-04-23,60.26,1003.4,11.43,28.5,22.13
2022-04-24,58.68,1010.22,16.67,35.89,28.3
2022-04-25,60.9,1003.55,14.12,31.63,23.52
2022-04-26,59.41,1005.99,3.29,31.01,24.65
2022-04-27,74.51,1004.65,9.88,31.99,24.19
2022-04-28,52.8,1005.7,9.75,36.65,28.51
2022-04-29,53.49,1005.95,13.92,29.03,24.17
2022-04-30,52.78,1005.81,1.5,28.89,26.67
2022-05-01,53.19,1012.63,22.2,29.82,22.45
2022-05-02,52.56,1002.85,14.12,31.68,23.01
2022-05-03,65.29,1009.38,12.6,27.94,19.18
2022-05-04,66.85,1014.28,16.73,31.92,24.14
2022-05-05,52.86,1005.54,21.37,35.72,26.69
2022-05-06,50.97,1004.43,15.48,32.45,26.06
2022-05-07,60.05,1006.78,15.8,31.59,24.66
2022-05-08,52.83,1013.75,12.52,30.99,23.02
2022-05-09,61.07,1008.74,11.43,34.44,24.51
2022-05-10,58.01,1005.04,10.1,30.76,24.85
2022-05-11,45.93,1010.04,8.7,36.75,30.18
2022-05-12,67.32,1002.03,9.25,37.05,27.67
2022-05-13,69.01,1010.87,6.6,33.47,23.83
2022-05-14,52.11,1009.44,11.7,32.98,27.15
2022-05-15,53.64,1005.78,5.26,35.38,30.2
2022-05-16,58.31,1003.06,12.76,35.62,28.02
2022-05-17,58.6,1002.75,11.85,31.53,23.66
2022-05-18,60.83,1009.79,12.59,32.24,25.3
2022-05-19,70.25,1013.2,9.91,30.59,21.84
2022-05-20,54.9,1003.8,24.31,34.48,27.59
2022-05-21,50.51,1009.22,17.44,35.14,27.86
2022-05-22,46.4,996.44,7.02,30.79,23.1
2022-05-23,50.91,1003.89,12.93,32.84,25.87
2022-05-24,55.76,1006.6,9.57,30.95,25.47
2022-05-25,68.52,1002.16,7.94,32.02,24.18
2022-05-26,52.3,1001.97,6.64,35.28,28.0
2022-05-27,57.45,1003.26,13.73,32.52,23.84
2022-05-28,55.74,1008.02,9.27,33.54,27.54
2022-05-29,64.15,1005.57,15.87,30.69,22.63
2022-05-30,73.49,995.27,15.98,34.75,22.53
2022-05-31,52.06,995.82,17.5,34.3,26.13
2022-06-01,52.32,1003.35,8.59,32.85,27.76
2022-06-02,63.03,1008.63,13.9,34.09,25.76
2022-06-03,60.47,992.57,14.53,34.96,28.82
2022-06-04,68.6,1003.78,10.1,32.82,25.61
2022-06-05,59.74,1003.61,8.91,31.41,25.28
2022-06-06,53.12,1013.15,18.44,38.67,29.96
2022-06-07,59.75,1004.26,12.91,33.35,25.84
2022-06-08,63.36,1008.07,14.54,34.56,26.16
2022-06-09,61.33,1006.84,8.71,37.04,28.48
2022-06-10,59.12,995.46,7.12,42.61,33.54
2022-06-11,63.02,1009.93,9.72,32.13,24.01
2022-06-12,63.73,1007.15,11.5,35.89,26.25
2022-06-13,65.21,1008.6,7.74,33.36,24.59
2022-06-14,60.07,1025.67,11.96,33.76,29.58
2022-06-15,54.35,995.61,5.25,33.37,27.43
2022-06-16,56.54,1014.64,7.52,32.5,26.72
2022-06-17,63.95,1004.57,14.68,34.89,25.2
2022-06-18,49.79,1007.44,14.42,31.75,26.37
2022-06-19,58.08,1005.77,10.43,37.08,28.85
2022-06-20,52.75,1003.88,7.93,35.12,28.44
2022-06-21,55.7,1003.15,7.89,35.93,27.22
2022-06-22,64.45,1007.65,10.51,33.97,26.51
2022-06-23,56.84,998.42,14.58,34.18,25.91
2022-06-24,55.83,1009.77,15.71,35.61,26.82
2022-06-25,46.0,1003.94,10.01,32.41,27.53
2022-06-26,60.75,1000.38,7.39,34.16,24.77
2022-06-27,60.05,1003.8,13.07,33.04,26.4
2022-06-28,70.68,1012.35,8.71,32.95,26.25
2022-06-29,53.4,1003.4,9.93,30.25,23.28
2022-06-30,57.1,1007.89,17.3,37.81,28.05
2022-07-01,57.32,1002.46,15.31,33.32,25.57
2022-07-02,66.63,1009.93,12.63,37.36,28.83
2022-07-03,54.94,1009.59,6.91,37.11,29.47
2022-07-04,57.58,1015.44,12.85,31.89,25.97
2022-07-05,59.9,1005.34,16.25,32.29,27.22
2022-07-06,56.97,1009.6,10.5,40.27,30.84
2022-07-07,52.56,1006.78,17.4,38.44,27.67
2022-07-08,57.07,1012.8,17.17,34.47,27.95
2022-07-09,63.25,1002.76,18.65,35.05,28.57
2022-07-10,48.57,1010.12,13.22,33.04,27.27
2022-07-11,56.71,1005.47,14.35,35.32,26.11
2022-07-12,50.91,1006.16,17.66,32.73,25.72
2022-07-13,64.2,1006.99,13.79,29.78,21.57
2022-07-14,45.21,1007.83,10.0,31.27,26.78
2022-07-15,51.99,1006.04,10.21,34.16,25.65
2022-07-16,58.57,1007.75,12.95,31.55,24.45
2022-07-17,66.92,1014.62,6.84,33.82,25.19
2022-07-18,55.54,1011.71,11.43,31.52,25.47
2022-07-19,52.15,1011.18,16.39,32.09,25.09
2022-07-20,69.24,1004.62,3.23,35.6,27.81
2022-07-21,45.98,1002.51,18.14,34.18,27.2
2022-07-22,40.76,1011.79,16.49,33.53,26.24
2022-07-23,59.27,1011.46,10.16,35.39,28.7
2022-07-24,52.72,1014.51,14.17,34.42,27.42
2022-07-25,49.13,1004.19,12.01,36.45,27.81
2022-07-26,61.28,1006.13,16.92,32.16,27.61
2022-07-27,58.07,999.15,15.93,32.13,25.42
2022-07-28,52.46,1005.46,6.4,30.11,24.54
2022-07-29,47.5,1012.48,14.35,31.92,27.86
2022-07-30,62.62,1005.24,11.18,34.88,29.37
2022-07-31,61.11,1010.85,12.33,35.51,27.44
2022-08-01,55.91,1006.77,9.09,34.65,28.01
2022-08-02,69.59,1009.42,18.99,28.48,20.02
2022-08-03,49.22,1002.15,16.16,34.69,27.23
2022-08-04,46.09,1008.39,9.04,28.14,23.46
2022-08-05,51.98,993.1,6.66,34.04,27.46
2022-08-06,56.56,1007.2,10.46,31.14,25.32
2022-08-07,58.63,1000.07,13.74,33.37,26.57
2022-08-08,55.3,1014.34,12.96,28.76,23.6
2022-08-09,59.51,1012.29,17.01,34.14,24.86
2022-08-10,48.34,1010.83,15.16,28.21,21.95
2022-08-11,67.27,1016.19,15.88,29.83,22.21
2022-08-12,56.65,1003.94,13.31,28.97,22.62
2022-08-13,65.11,1017.52,6.44,27.17,23.34
2022-08-14,59.75,1013.54,11.22,31.1,23.22
2022-08-15,60.61,1007.79,16.24,34.73,26.23
2022-08-16,61.46,1014.75,11.79,36.48,29.69
2022-08-17,60.67,1003.64,14.01,30.68,23.44
2022-08-18,62.1,1005.15,10.73,32.78,26.14
2022-08-19,66.97,1006.33,7.88,30.69,23.72
2022-08-20,59.11,1006.84,11.51,31.13,24.91
2022-08-21,62.77,1004.3,13.24,29.13,22.33
2022-08-22,57.24,1015.81,9.38,30.16,25.33
2022-08-23,68.02,1008.5,11.06,30.76,21.68
2022-08-24,53.28,1011.67,8.24,28.15,22.83
2022-08-25,70.69,1007.16,16.48,29.1,22.19
2022-08-26,57.87,1001.02,10.82,28.98,23.71
2022-08-27,48.21,1011.58,17.81,30.77,26.77
2022-08-28,59.19,1000.78,18.11,26.45,19.98
2022-08-29,53.6,1010.11,11.68,28.52,25.15
2022-08-30,64.32,1003.73,7.97,32.68,24.61
2022-08-31,53.94,1020.62,3.66,30.87,27.58
2022-09-01,55.46,1015.35,6.11,31.12,26.61
2022-09-02,45.43,1011.44,6.5,28.04,22.8
2022-09-03,55.56,1017.34,17.51,28.53,23.22
2022-09-04,41.84,1006.91,12.46,29.86,24.91
2022-09-05,47.79,1013.97,13.56,30.92,26.2
2022-09-06,64.28,1012.37,3.12,23.03,18.88
2022-09-07,64.53,1012.81,7.21,24.26,19.32
2022-09-08,62.08,1017.97,15.55,29.87,25.22
2022-09-09,52.41,1015.39,13.15,26.21,21.57
2022-09-10,58.92,1013.29,11.41,25.17,21.58
2022-09-11,59.31,1003.69,14.26,23.72,18.62
2022-09-12,51.3,1007.28,18.54,25.09,22.47
2022-09-13,70.01,1011.59,11.12,23.05,17.18
2022-09-14,65.71,1012.79,12.28,30.57,22.96
2022-09-15,58.1,1006.79,12.77,25.75,22.66
2022-09-16,59.91,1024.62,21.57,25.5,19.61
2022-09-17,61.26,1020.27,3.6,26.75,24.37
2022-09-18,45.58,1015.81,14.73,27.4,24.14
2022-09-19,58.22,1013.28,11.54,27.19,21.8
2022-09-20,55.26,1011.98,14.27,27.3,19.7
2022-09-21,53.1,1008.41,9.37,23.38,19.67
2022-09-22,58.22,1013.67,11.8,23.94,19.78
2022-09-23,72.84,1014.69,14.85,26.11,21.35
2022-09-24,64.82,1007.32,24.45,23.09,19.38
2022-09-25,56.42,1015.32,15.23,24.07,18.77
2022-09-26,64.5,1012.99,8.61,24.78,21.04
2022-09-27,70.36,1004.35,10.3,25.46,20.61
2022-09-28,67.12,1009.7,10.19,19.65,17.26
2022-09-29,61.14,1012.06,4.82,24.97,21.32
2022-09-30,56.27,1023.68,10.68,22.71,16.79
2022-10-01,65.76,1017.14,14.93,24.61,19.19
2022-10-02,63.71,1007.8,6.9,24.6,18.4
2022-10-03,67.29,1017.03,16.19,26.26,20.08
2022-10-04,65.55,1006.98,13.95,25.53,21.11
2022-10-05,68.52,1020.24,9.06,25.35,20.66
2022-10-06,57.5,1012.59,11.43,25.4,22.25
2022-10-07,70.55,1014.59,18.39,22.7,17.72
2022-10-08,62.78,1021.8,14.93,21.96,16.17
2022-10-09,76.0,1008.85,12.04,23.65,14.58
2022-10-10,56.72,1008.42,11.05,23.18,19.32
2022-10-11,73.77,1012.6,12.31,20.73,15.75
2022-10-12,63.07,1020.82,9.95,22.14,17.06
2022-10-13,57.2,1008.14,3.58,21.01,15.91
2022-10-14,58.44,1001.69,20.17,19.05,14.13
2022-10-15,59.66,1013.7,12.62,23.61,18.99
2022-10-16,64.94,1018.83,13.59,20.74,17.69
2022-10-17,65.7,1022.18,11.77,24.97,20.3
2022-10-18,58.09,1013.97,9.06,16.73,16.8
2022-10-19,62.01,1014.33,11.26,18.93,14.47
2022-10-20,77.24,1022.26,5.6,20.08,17.25
2022-10-21,74.41,1007.25,21.11,22.36,16.35
2022-10-22,65.43,1014.76,7.06,20.59,17.98
2022-10-23,62.71,1017.75,7.87,20.25,16.51
2022-10-24,63.35,1019.15,10.24,16.95,15.89
2022-10-25,66.87,1014.45,17.15,16.74,13.76
2022-10-26,55.48,1017.27,12.06,19.85,16.14
2022-10-27,60.9,1004.76,7.06,16.0,13.82
2022-10-28,51.08,1014.0,17.02,17.7,15.01
2022-10-29,65.61,1019.65,14.92,19.83,16.67
2022-10-30,67.41,1012.57,14.15,16.44,11.76
2022-10-31,59.56,1017.87,14.86,22.0,17.99
2022-11-01,74.02,1019.9,21.58,21.03,16.22
2022-11-02,54.47,1016.04,20.74,14.75,12.74
2022-11-03,52.86,1018.69,9.25,16.04,16.5
2022-11-04,64.74,1013.11,18.5,12.93,11.66
2022-11-05,70.55,1016.98,13.53,16.12,12.99
2022-11-06,75.06,1021.14,14.0,19.41,15.38
2022-11-07,60.12,1018.96,5.23,16.7,15.36
2022-11-08,70.93,1015.32,11.32,18.51,15.34
2022-11-09,63.16,1019.46,8.75,14.03,10.17
2022-11-10,62.27,1021.99,15.31,19.02,15.37
2022-11-11,69.71,1008.24,16.28,15.94,10.52
2022-11-12,68.14,1024.36,3.7,17.08,16.55
2022-11-13,52.59,1016.95,11.91,16.75,14.94
2022-11-14,74.0,1020.83,16.49,14.05,10.86
2022-11-15,73.37,1024.76,11.25,14.22,12.98
2022-11-16,59.38,1011.98,14.92,18.79,16.1
2022-11-17,66.57,1015.36,13.4,17.44,12.76
2022-11-18,67.3,1017.53,13.37,18.78,15.11
2022-11-19,65.7,1015.11,10.91,17.1,13.81
2022-11-20,60.06,1027.77,7.13,16.61,12.76
2022-11-21,59.25,1014.87,7.51,12.42,10.76
2022-11-22,63.81,1016.43,14.84,15.54,12.76
2022-11-23,72.23,1020.28,12.08,15.99,12.84
2022-11-24,67.86,1013.3,11.45,20.28,14.34
2022-11-25,61.5,1017.39,10.3,17.42,16.43
2022-11-26,69.53,1021.0,10.78,19.22,15.52
2022-11-27,44.21,1017.8,16.19,17.08,15.66
2022-11-28,72.22,1019.04,10.66,14.14,12.25
2022-11-29,52.03,1016.9,6.64,15.9,13.85
2022-11-30,61.7,1012.02,14.97,16.1,14.02
2022-12-01,56.43,1021.24,11.18,13.46,12.05
2022-12-02,55.22,1028.44,12.13,14.63,12.44
2022-12-03,72.44,1019.8,18.43,14.97,12.46
2022-12-04,61.06,1020.86,11.92,18.91,17.95
2022-12-05,66.78,1023.23,13.16,10.75,10.6
2022-12-06,64.04,1013.45,7.28,17.94,16.42
2022-12-07,67.73,1028.34,11.12,13.19,10.97
2022-12-08,64.94,1020.86,14.44,12.19,8.59
2022-12-09,55.44,1028.04,5.78,17.77,18.29
2022-12-10,71.41,1016.23,12.8,16.76,16.1
2022-12-11,60.99,1029.01,12.4,17.88,17.49
2022-12-12,53.56,1023.81,12.17,16.85,14.76
2022-12-13,61.47,1022.72,16.15,19.6,14.69
2022-12-14,74.98,1021.13,13.34,16.28,11.52
2022-12-15,70.44,1018.73,17.91,14.69,9.49
2022-12-16,62.05,1025.99,8.03,15.78,14.0
2022-12-17,62.05,1020.69,12.54,17.75,17.13
2022-12-18,62.25,1010.16,12.34,13.29,11.33
2022-12-19,79.04,1014.41,7.72,13.57,11.26
2022-12-20,67.17,1019.07,15.83,14.32,13.64
2022-12-21,67.51,1021.55,21.3,10.37,8.09
2022-12-22,71.71,1019.71,11.93,15.31,15.18
2022-12-23,66.17,1026.09,14.02,10.86,12.39
2022-12-24,62.68,1010.23,12.34,15.14,12.65
2022-12-25,63.11,1020.69,9.15,16.94,13.9
2022-12-26,63.97,1010.87,4.72,14.01,13.43
2022-12-27,64.21,1023.75,9.18,18.76,15.51
2022-12-28,69.55,1019.46,6.43,11.88,9.17
2022-12-29,64.81,1022.01,18.82,17.74,16.02
2022-12-30,69.56,1015.58,11.54,16.63,15.15
2022-12-31,63.85,1026.27,10.62,11.41,10.85
2023-01-01,64.95,1025.05,15.56,21.19,15.53
2023-01-02,50.4,1022.73,7.51,15.12,12.95
2023-01-03,70.78,1019.14,8.93,13.37,11.57
2023-01-04,66.77,1022.66,12.27,12.25,10.14
2023-01-05,71.31,1016.19,16.12,14.91,11.39
2023-01-06,44.03,1023.97,14.01,15.16,15.93
2023-01-07,78.9,1027.9,12.99,15.72,13.37
2023-01-08,63.28,1024.97,12.31,14.89,14.83
2023-01-09,71.99,1015.93,13.6,17.0,12.19
2023-01-10,56.92,1021.34,12.81,14.81,12.89
2023-01-11,68.46,1013.02,7.88,11.47,11.14
2023-01-12,56.77,1022.31,12.18,15.46,14.48
2023-01-13,59.75,1021.65,7.71,10.65,12.53
2023-01-14,77.48,1010.0,12.32,16.71,13.3
2023-01-15,62.71,1013.49,10.08,13.85,14.57
2023-01-16,65.53,1017.83,22.16,16.44,13.67
2023-01-17,70.07,1017.68,11.84,19.05,16.69
2023-01-18,67.41,1013.08,6.38,14.16,11.87
2023-01-19,64.95,1021.01,11.46,18.66,15.58
2023-01-20,66.42,1020.27,14.08,15.46,14.1
2023-01-21,80.65,1017.97,18.69,20.36,16.96
2023-01-22,63.38,1015.1,9.64,15.79,14.54
2023-01-23,65.15,1024.06,5.67,14.84,13.25
2023-01-24,71.05,1027.02,15.27,18.3,16.48
2023-01-25,71.39,1016.26,6.48,15.93,10.49
2023-01-26,71.91,1015.55,10.26,15.14,10.55
2023-01-27,68.03,1020.99,10.97,16.04,14.36
2023-01-28,55.51,1016.67,11.72,17.1,15.06
2023-01-29,74.89,1017.69,14.76,20.26,16.34
2023-01-30,55.39,1022.0,9.27,13.17,12.66
2023-01-31,65.48,1008.68,10.91,17.58,15.16
2023-02-01,58.03,1024.74,11.94,19.02,15.39
2023-02-02,62.81,1018.43,12.6,18.19,15.97
2023-02-03,65.5,1015.92,12.39,20.77,18.1
2023-02-04,65.4,1017.45,13.74,17.85,16.24
2023-02-05,66.04,1017.62,15.38,17.73,17.01
2023-02-06,74.33,1009.06,13.57,19.56,15.25
2023-02-07,66.15,1025.1,13.81,18.61,15.72
2023-02-08,61.21,1017.74,5.67,17.66,13.53
2023-02-09,69.61,1019.66,12.2,19.78,15.21
2023-02-10,71.12,1022.11,13.92,17.35,13.71
2023-02-11,54.14,1012.15,14.92,17.57,16.47
2023-02-12,66.86,1019.53,9.23,17.89,14.2
2023-02-13,67.52,1015.72,9.36,22.17,18.93
2023-02-14,60.47,1021.2,9.7,12.25,11.45
2023-02-15,72.11,1006.23,14.15,20.35,15.32
2023-02-16,61.37,1016.27,16.14,19.7,16.4
2023-02-17,63.23,1013.65,10.37,16.07,13.19
2023-02-18,61.08,1018.72,15.63,20.6,16.31
2023-02-19,62.33,1018.8,12.49,21.11,15.17
2023-02-20,54.48,1012.81,11.5,21.51,17.88
2023-02-21,52.0,1012.68,11.15,14.53,12.78
2023-02-22,73.18,1015.58,14.99,23.53,17.29
2023-02-23,56.02,1011.54,13.3,19.05,16.67
2023-02-24,54.94,1020.13,21.1,22.34,19.07
2023-02-25,46.73,1013.96,8.59,22.62,20.19
2023-02-26,57.26,1001.16,14.07,19.22,17.07
2023-02-27,52.4,1013.71,9.88,22.76,20.17
2023-02-28,73.08,1010.28,8.52,20.62,15.85
2023-03-01,68.59,1007.2,11.96,17.07,13.07
2023-03-02,56.63,1009.06,12.55,24.36,20.29
2023-03-03,77.14,1015.68,23.67,20.25,15.34
2023-03-04,68.17,1021.66,11.26,20.24,18.29
2023-03-05,58.95,1016.47,7.48,21.4,19.74
2023-03-06,43.65,1011.75,13.09,23.05,19.31
2023-03-07,77.11,1016.95,3.7,22.49,17.71
2023-03-08,51.27,1012.26,11.63,23.99,21.09
2023-03-09,49.4,1010.96,12.06,20.0,18.81
2023-03-10,68.0,1008.54,15.18,21.49,17.9
2023-03-11,77.85,1005.44,15.89,23.03,16.77
2023-03-12,70.38,1012.13,9.99,27.63,19.81
2023-03-13,64.56,1014.75,11.4,23.38,17.51
2023-03-14,64.7,1013.36,8.94,26.19,21.33
2023-03-15,66.44,1011.64,7.49,24.05,19.81
2023-03-16,65.7,1008.87,13.24,23.08,16.75
2023-03-17,62.28,1016.52,6.91,23.77,19.74
2023-03-18,60.96,1006.78,10.34,24.11,20.29
2023-03-19,59.72,1017.12,8.02,25.98,19.92
2023-03-20,54.8,1008.11,14.2,27.85,23.82
2023-03-21,58.04,1009.24,19.21,25.79,19.79
2023-03-22,48.07,1005.55,6.79,27.78,25.03
2023-03-23,59.16,1010.25,4.59,23.22,18.84
2023-03-24,52.85,1017.52,11.5,24.6,19.37
2023-03-25,51.97,1015.1,12.06,24.09,19.69
2023-03-26,60.87,1017.29,12.87,26.55,21.22
2023-03-27,69.28,1014.89,10.21,25.24,19.37
2023-03-28,65.89,1006.64,11.2,27.81,21.38
2023-03-29,48.39,1010.39,13.47,24.32,20.92
2023-03-30,52.38,1008.02,16.16,26.64,21.32
2023-03-31,65.82,1018.45,4.18,28.22,22.8
2023-04-01,52.28,1005.7,10.52,22.34,16.62
2023-04-02,57.51,1016.03,12.86,31.72,25.81
2023-04-03,62.85,1015.91,8.33,26.59,21.43
2023-04-04,52.15,1020.48,18.92,22.93,21.14
2023-04-05,59.59,1009.17,9.46,27.9,21.23
2023-04-06,49.44,1014.66,11.83,27.79,20.81
2023-04-07,54.49,1022.39,14.22,27.7,23.53
2023-04-08,60.87,1007.78,9.63,30.23,24.42
2023-04-09,47.4,1003.08,4.61,29.85,23.73
2023-04-10,61.57,1001.24,10.29,29.03,20.81
2023-04-11,58.27,1014.09,16.12,29.52,25.34
2023-04-12,62.2,1001.0,10.65,28.47,24.14
2023-04-13,59.83,1008.44,8.61,32.76,22.74
2023-04-14,67.74,1012.38,15.7,25.76,19.26
2023-04-15,59.0,1011.01,10.68,29.48,25.75
2023-04-16,55.05,1012.1,9.96,29.47,23.37
2023-04-17,58.84,1010.98,12.6,31.27,24.1
2023-04-18,61.72,1016.15,15.08,27.78,21.58
2023-04-19,58.19,1004.89,21.53,25.95,18.6
2023-04-20,58.06,1006.16,15.31,30.28,21.51
2023-04-21,52.8,1005.58,16.64,30.7,25.7
2023-04-22,53.01,1013.49,9.98,33.51,24.71
2023-04-23,47.76,1013.74,7.9,27.58,23.75
2023-04-24,69.76,1011.39,12.25,33.06,26.35
2023-04-25,48.74,1014.95,12.43,35.87,27.11
2023-04-26,52.54,1003.05,7.69,29.97,23.26
2023-04-27,52.3,1017.18,11.3,28.1,24.85
2023-04-28,63.53,1016.36,13.6,30.19,24.36
2023-04-29,55.14,1012.33,13.44,31.25,24.19
2023-04-30,65.88,1017.46,14.02,32.59,26.77
2023-05-01,52.37,1000.18,13.16,30.18,25.67
2023-05-02,58.98,1005.75,9.97,35.03,27.84
2023-05-03,51.12,1004.6,9.94,29.29,22.78
2023-05-04,71.93,1011.8,7.2,28.04,21.29
2023-05-05,48.54,1002.86,19.14,34.43,27.44
2023-05-06,58.97,1011.81,12.05,27.11,21.56
2023-05-07,61.18,1014.79,11.1,31.78,26.38
2023-05-08,59.59,1011.33,8.28,39.21,28.76
2023-05-09,55.34,1009.19,23.74,32.44,22.97
2023-05-10,55.68,1002.76,7.71,30.11,24.54
2023-05-11,56.85,1003.38,10.28,32.56,25.15
2023-05-12,55.46,1013.79,13.66,32.69,25.21
2023-05-13,63.19,1011.36,14.4,33.26,23.39
2023-05-14,71.87,1007.2,15.83,34.47,25.65
2023-05-15,52.45,1005.23,19.23,30.83,24.16
2023-05-16,46.72,997.12,14.02,36.92,30.1
2023-05-17,55.64,1001.83,7.78,33.85,27.05
2023-05-18,74.28,1016.68,10.97,35.0,26.32
2023-05-19,50.55,1000.65,13.23,32.11,27.18
2023-05-20,67.61,1007.94,20.27,36.41,25.33
2023-05-21,67.84,1011.97,6.41,33.11,26.56
2023-05-22,52.18,1000.6,16.81,34.37,24.68
2023-05-23,60.01,1007.74,12.72,31.78,23.82
2023-05-24,67.39,1011.45,15.35,31.72,22.6
2023-05-25,53.3,1006.77,11.59,35.51,29.2
2023-05-26,54.49,1021.0,8.63,33.09,26.93
2023-05-27,51.82,998.26,15.0,32.26,25.42
2023-05-28,48.75,1011.85,14.62,32.79,25.07
2023-05-29,51.28,1005.65,15.89,35.81,27.8
2023-05-30,47.23,1010.32,11.95,32.95,25.92
2023-05-31,56.01,1008.63,9.6,34.14,27.7
2023-06-01,50.36,1002.72,5.76,34.49,26.74
2023-06-02,57.36,1007.49,15.28,30.29,25.56
2023-06-03,44.81,997.02,13.7,31.32,23.21
2023-06-04,57.99,1009.29,8.14,35.35,27.0
2023-06-05,61.49,1007.73,9.85,33.03,28.1
2023-06-06,41.68,1009.4,10.13,37.02,29.84
2023-06-07,58.24,1011.47,6.07,36.87,27.64
2023-06-08,64.19,1007.99,8.73,36.36,28.48
2023-06-09,47.12,1006.87,7.46,38.81,30.78
2023-06-10,67.28,1001.7,10.35,34.66,25.32
2023-06-11,58.49,1002.53,9.05,36.3,26.99
2023-06-12,50.61,1012.01,5.49,33.61,31.28
2023-06-13,55.15,1013.24,20.09,40.32,30.69
2023-06-14,59.43,1004.85,17.01,39.31,27.44
2023-06-15,56.05,1006.26,8.88,34.98,29.73
2023-06-16,59.28,1001.5,13.09,35.82,28.45
2023-06-17,49.06,1011.88,13.67,37.97,29.29
2023-06-18,56.69,1009.33,16.76,34.67,25.76
2023-06-19,45.61,1015.71,8.73,33.55,28.77
2023-06-20,54.72,1001.61,16.37,36.92,28.23
2023-06-21,49.17,1004.11,9.81,35.17,25.83
2023-06-22,50.35,1007.16,6.66,35.4,31.07
2023-06-23,64.16,1009.24,14.9,33.15,24.87
2023-06-24,63.15,1004.94,17.16,31.2,25.74
2023-06-25,59.78,1001.66,22.35,35.49,28.3
2023-06-26,47.88,1010.44,7.2,36.94,28.81
2023-06-27,53.31,1009.65,14.8,34.44,28.59
2023-06-28,64.03,1001.48,10.36,38.07,28.27
2023-06-29,56.54,1012.86,15.13,33.34,23.84
2023-06-30,71.8,1011.95,6.12,32.54,24.61
2023-07-01,58.33,1006.79,6.95,34.68,28.08
2023-07-02,56.93,1006.54,8.9,34.62,26.86
2023-07-03,53.44,1008.94,12.32,36.46,28.47
2023-07-04,56.56,1001.88,9.44,33.02,27.65
2023-07-05,54.58,1006.37,14.64,37.69,29.54
2023-07-06,60.62,995.49,16.11,38.97,28.3
2023-07-07,62.38,1010.67,14.4,34.5,27.54
2023-07-08,50.2,998.51,18.48,37.29,29.18
2023-07-09,46.41,1013.88,13.66,32.16,23.1
2023-07-10,42.9,1004.75,7.13,36.8,30.8
2023-07-11,59.34,1005.38,17.45,36.68,28.55
2023-07-12,48.09,1003.34,9.58,36.21,29.2
2023-07-13,40.77,1005.09,15.64,34.21,29.04
2023-07-14,58.59,1013.67,18.29,27.68,20.93
2023-07-15,73.35,994.18,13.83,32.7,24.44
2023-07-16,55.89,1013.06,6.02,32.66,24.53
2023-07-17,61.84,1008.41,8.33,31.81,25.68
2023-07-18,56.57,1000.74,17.29,34.16,28.85
2023-07-19,55.34,1001.46,11.32,32.89,24.7
2023-07-20,62.51,1015.28,12.32,31.91,24.07
2023-07-21,54.08,1002.23,15.04,31.31,23.77
2023-07-22,58.02,1001.25,14.79,31.98,25.01
2023-07-23,58.44,1012.76,13.12,35.93,26.75
2023-07-24,51.56,1008.84,11.17,31.91,26.38
2023-07-25,63.22,1002.52,10.75,32.14,26.01
2023-07-26,55.1,1008.36,15.43,32.17,26.08
2023-07-27,51.08,1002.22,14.21,33.82,24.5
2023-07-28,60.17,1012.92,10.97,33.97,28.06
2023-07-29,50.17,1012.8,16.33,26.17,22.73
2023-07-30,56.71,1010.23,11.48,35.01,28.75
2023-07-31,56.49,1009.45,8.59,35.81,28.95
2023-08-01,64.21,1016.53,8.96,30.23,24.3
2023-08-02,59.98,1007.8,8.09,30.28,25.55
2023-08-03,56.54,1001.98,10.91,31.32,27.32
2023-08-04,62.49,1010.22,16.93,30.52,22.3
2023-08-05,66.55,1018.48,8.78,32.56,26.98
2023-08-06,60.78,1003.07,12.75,27.66,21.62
2023-08-07,57.0,1006.42,9.37,29.36,23.46
2023-08-08,47.81,1010.4,10.96,35.08,26.48
2023-08-09,49.59,1008.14,5.96,29.52,24.3
2023-08-10,54.97,1003.59,11.12,34.17,25.74
2023-08-11,52.9,1014.2,11.23,32.08,25.4
2023-08-12,55.92,1020.28,14.16,27.19,20.76
2023-08-13,57.68,1009.76,12.89,32.43,25.02
2023-08-14,61.06,1004.36,7.21,30.63,23.81
2023-08-15,56.92,1001.23,16.34,29.75,23.33
2023-08-16,60.88,1010.36,12.84,31.15,22.35
2023-08-17,57.99,1014.69,12.79,31.51,23.2
2023-08-18,43.78,1011.65,11.96,31.88,26.92
2023-08-19,51.1,1009.36,9.93,32.77,25.57
2023-08-20,56.73,1006.53,12.87,30.93,25.9
2023-08-21,49.34,1004.12,13.9,26.85,22.3
2023-08-22,62.07,1013.86,5.01,28.69,24.1
2023-08-23,68.66,1014.37,9.84,36.05,29.55
2023-08-24,66.54,1002.18,10.98,31.02,23.4
2023-08-25,56.59,1017.96,13.02,34.48,26.66
2023-08-26,68.59,1012.99,16.77,32.18,25.47
2023-08-27,59.26,1017.23,8.91,29.49,24.56
2023-08-28,55.93,1003.63,10.01,29.46,23.41
2023-08-29,54.07,1003.63,9.95,28.55,24.97
2023-08-30,56.32,1009.82,8.79,24.65,20.17
2023-08-31,55.79,1013.2,10.61,28.35,23.15
2023-09-01,59.78,1019.78,15.08,30.81,24.43
2023-09-02,59.78,1014.44,7.78,26.67,20.62
2023-09-03,58.75,1009.81,13.71,28.73,22.89
2023-09-04,61.86,1006.01,5.19,29.53,25.5
2023-09-05,67.21,1017.41,9.75,25.49,20.9
2023-09-06,65.6,1006.55,10.68,26.33,20.7
2023-09-07,48.64,1019.63,18.7,24.92,20.54
2023-09-08,41.23,1010.19,10.9,25.18,22.3
2023-09-09,65.72,1019.68,3.2,23.98,20.93
2023-09-10,49.69,1015.24,4.0,24.67,22.32
2023-09-11,57.76,1011.28,12.14,29.6,23.24
2023-09-12,51.22,1009.49,14.46,24.29,20.55
2023-09-13,46.87,1010.5,13.5,26.42,22.74
2023-09-14,63.36,1014.47,12.67,24.86,18.55
2023-09-15,64.96,1012.83,16.65,28.39,22.12
2023-09-16,55.68,1009.59,9.84,28.51,20.37
2023-09-17,41.66,1011.86,15.58,27.35,23.71
2023-09-18,56.05,1013.2,5.47,25.95,22.63
2023-09-19,62.69,1002.28,8.38,24.6,20.68
2023-09-20,49.68,1015.34,4.77,22.31,19.27
2023-09-21,61.39,1008.27,10.9,29.04,23.38
2023-09-22,60.08,1007.52,11.81,22.92,20.44
2023-09-23,64.32,1004.97,12.46,25.88,22.09
2023-09-24,61.18,1004.56,12.25,26.58,20.97
2023-09-25,53.6,1006.87,8.29,22.86,19.5
2023-09-26,68.87,1010.22,11.24,26.19,21.81
2023-09-27,59.46,1023.65,6.01,25.42,19.43
2023-09-28,60.45,1011.38,17.45,27.37,21.0
2023-09-29,54.19,1015.01,10.79,22.36,20.7
2023-09-30,57.7,1016.25,10.04,20.4,18.63
2023-10-01,54.68,1015.02,18.36,21.94,18.5
2023-10-02,59.74,1014.09,7.03,23.35,17.54
2023-10-03,73.01,1008.62,7.5,22.85,17.81
2023-10-04,51.5,1021.97,7.62,21.69,18.39
2023-10-05,49.88,1023.87,11.73,18.19,16.92
2023-10-06,71.55,1006.53,13.73,23.26,16.68
2023-10-07,59.86,1009.94,14.96,26.39,19.59
2023-10-08,56.72,1013.78,22.29,22.91,15.52
2023-10-09,68.75,1010.47,3.0,23.07,20.38
2023-10-10,57.31,1017.93,14.43,22.83,18.32
2023-10-11,74.4,1011.87,9.77,22.28,17.48
2023-10-12,66.44,1026.45,9.65,23.29,19.09
2023-10-13,58.35,1021.69,9.52,21.96,17.25
2023-10-14,76.93,1016.91,8.36,20.24,14.23
2023-10-15,57.66,1021.09,18.74,19.02,14.52
2023-10-16,67.17,1021.6,15.37,20.07,15.16
2023-10-17,64.14,1013.36,12.09,21.15,17.62
2023-10-18,71.22,1012.2,17.4,19.61,13.97
2023-10-19,73.11,1016.78,5.95,20.85,19.07
2023-10-20,62.47,1020.8,6.68,20.98,19.14
2023-10-21,57.04,1017.29,3.29,21.69,19.97
2023-10-22,65.6,1008.82,9.2,22.54,17.96
2023-10-23,57.7,1012.79,12.65,19.74,18.55
2023-10-24,76.6,1016.53,12.41,16.55,12.62
2023-10-25,63.53,1016.62,12.6,18.52,15.32
2023-10-26,60.08,1026.96,6.36,19.24,17.18
2023-10-27,63.99,1010.27,15.21,14.97,13.27
2023-10-28,53.33,1019.82,12.96,21.92,19.51
2023-10-29,56.02,1024.83,14.93,19.05,15.77
2023-10-30,71.28,1028.84,4.43,19.44,15.72
2023-10-31,58.34,1015.55,13.25,21.47,18.64
2023-11-01,55.67,1020.12,7.25,16.95,16.32
2023-11-02,66.81,1020.6,10.41,19.47,15.56
2023-11-03,71.41,1018.82,14.14,17.84,12.12
2023-11-04,68.2,1017.43,12.36,17.56,14.06
2023-11-05,70.19,1020.19,8.59,16.14,14.35
2023-11-06,57.98,1005.43,12.03,21.39,19.92
2023-11-07,53.37,1021.59,5.87,16.78,14.04
2023-11-08,73.89,1018.89,16.6,19.03,14.08
2023-11-09,61.17,1017.22,11.18,13.25,11.38
2023-11-10,61.72,1028.65,16.47,19.86,18.28
2023-11-11,72.83,1015.11,9.89,19.48,15.42
2023-11-12,67.47,1016.55,9.91,17.27,13.17
2023-11-13,66.81,1028.59,8.94,16.45,14.98
2023-11-14,78.82,1014.54,15.5,17.73,12.74
2023-11-15,59.21,1016.02,9.16,21.79,16.72
2023-11-16,70.25,1018.11,14.58,12.78,9.41
2023-11-17,64.2,1023.11,10.47,18.28,17.75
2023-11-18,65.72,1020.01,4.1,14.47,13.54
2023-11-19,74.58,1012.57,9.72,16.34,13.15
2023-11-20,67.47,1016.43,7.28,15.75,13.14
2023-11-21,67.72,1016.11,12.14,15.27,13.08
2023-11-22,71.5,1018.82,7.24,16.11,13.84
2023-11-23,61.47,1021.39,15.7,13.56,12.22
2023-11-24,58.18,1021.41,11.64,18.24,15.95
2023-11-25,56.78,1010.49,11.29,11.96,12.22
2023-11-26,50.36,1024.73,14.62,17.02,15.44
2023-11-27,78.55,1020.72,15.86,15.05,10.24
2023-11-28,56.46,1026.43,11.92,13.13,11.59
2023-11-29,62.66,1021.77,8.92,16.09,11.55
2023-11-30,62.3,1025.1,4.9,12.16,14.37
2023-12-01,66.42,1021.96,9.26,15.61,14.58
2023-12-02,70.0,1026.4,9.53,12.34,9.85
2023-12-03,70.33,1022.32,12.43,16.44,13.13
2023-12-04,60.25,1019.25,10.62,13.34,11.29
2023-12-05,63.18,1030.0,14.75,14.34,14.6
2023-12-06,66.35,1024.24,9.55,15.93,11.89
2023-12-07,62.65,1022.7,11.77,13.55,12.24
2023-12-08,75.66,1013.47,16.74,15.08,11.34
2023-12-09,67.86,1013.43,13.37,11.85,11.12
2023-12-10,69.58,1021.36,11.76,16.53,13.51
2023-12-11,69.09,1020.65,9.59,19.0,13.33
2023-12-12,72.67,1016.86,9.47,21.24,16.51
2023-12-13,65.74,1020.66,8.6,15.27,12.01
2023-12-14,55.4,1027.91,9.84,16.79,15.42
2023-12-15,67.28,1023.45,15.02,11.12,11.6
2023-12-16,59.93,1014.28,11.11,18.33,13.29
2023-12-17,60.79,1019.43,6.6,16.72,13.8
2023-12-18,68.6,1015.97,19.07,13.94,10.39
2023-12-19,73.17,1018.06,13.28,17.72,13.5
2023-12-20,64.65,1017.93,6.37,14.44,13.83
2023-12-21,66.66,1017.61,10.23,13.99,11.84
2023-12-22,76.41,1013.72,12.44,16.05,13.01
2023-12-23,66.18,1019.35,18.82,12.67,9.7
2023-12-24,82.7,1017.18,7.57,17.27,13.64
2023-12-25,68.44,1005.33,15.9,12.71,11.19
2023-12-26,52.15,1030.0,17.6,12.74,11.15
2023-12-27,69.74,1025.39,9.49,13.07,12.46
2023-12-28,67.12,1018.05,10.89,16.77,14.05
2023-12-29,73.47,1020.01,7.85,13.76,12.97
2023-12-30,69.15,1014.04,11.19,12.18,10.12
2023-12-31,63.45,1028.35,11.85,13.85,12.9
2024-01-01,55.83,1029.33,14.64,15.15,13.71
2024-01-02,62.92,1020.6,16.36,12.66,10.88
2024-01-03,58.41,1024.91,9.01,12.77,12.49
2024-01-04,60.28,1020.63,4.13,19.99,18.17
2024-01-05,68.44,1013.04,11.92,13.5,9.67
2024-01-06,75.99,1017.63,13.17,14.73,13.47
2024-01-07,67.04,1020.32,13.0,14.68,9.97
2024-01-08,55.88,1017.34,10.69,14.62,12.44
2024-01-09,67.34,1018.48,12.5,16.97,13.87
2024-01-10,72.58,1019.08,18.06,17.75,14.25
2024-01-11,59.9,1019.09,13.53,15.05,15.2
2024-01-12,63.2,1019.71,10.51,13.07,9.3
2024-01-13,64.21,1014.09,10.0,18.67,14.87
2024-01-14,58.59,1015.76,11.32,15.72,11.05
2024-01-15,68.58,1012.87,18.55,19.81,15.33
2024-01-16,63.17,1024.13,11.27,11.14,10.76
2024-01-17,66.91,1008.66,11.92,16.59,15.58
2024-01-18,57.73,1024.9,10.07,20.47,17.83
2024-01-19,60.84,1026.0,16.4,15.55,14.77
2024-01-20,68.92,1017.5,19.84,15.92,13.26
2024-01-21,61.21,1005.93,13.8,17.16,13.57
2024-01-22,75.87,1017.08,12.33,15.37,10.3
2024-01-23,60.94,1018.49,12.15,16.01,14.2
2024-01-24,65.27,1013.69,2.46,16.05,12.22
2024-01-25,70.18,1016.1,14.98,15.51,14.13
2024-01-26,53.68,1026.26,12.54,19.69,17.07
2024-01-27,51.23,1021.86,13.71,18.11,17.66
2024-01-28,52.83,1013.84,9.15,17.75,15.22
2024-01-29,72.3,1010.4,10.46,19.09,15.39
2024-01-30,59.55,1016.67,10.36,16.84,14.91
2024-01-31,81.27,1017.16,16.09,15.83,11.68
2024-02-01,59.36,1020.63,10.48,16.32,13.83
2024-02-02,64.55,1015.39,20.33,17.77,14.59
2024-02-03,74.0,1020.54,13.72,15.56,11.21
2024-02-04,77.19,1027.57,6.9,16.91,12.31
2024-02-05,77.52,1021.88,11.49,17.0,15.0
2024-02-06,71.49,1017.48,9.39,22.93,19.12
2024-02-07,70.14,1016.71,3.22,12.28,11.17
2024-02-08,67.06,1015.75,18.4,18.12,16.46
2024-02-09,68.31,1023.35,14.81,22.45,17.47
2024-02-10,58.94,1014.22,14.13,19.05,17.63
2024-02-11,57.01,1017.48,12.66,20.58,17.6
2024-02-12,62.65,1017.42,6.47,19.28,15.15
2024-02-13,61.42,1014.55,10.07,17.73,17.49
2024-02-14,59.38,1010.1,15.37,14.4,13.59
2024-02-15,67.36,1018.48,7.8,19.93,16.35
2024-02-16,69.11,1016.46,1.87,17.92,16.27
2024-02-17,62.97,1019.16,11.09,18.01,14.7
2024-02-18,72.63,1013.89,11.43,18.82,15.93
2024-02-19,54.23,1022.56,12.54,23.9,17.05
2024-02-20,60.8,1011.97,14.91,25.51,18.95
2024-02-21,57.07,1024.8,14.55,20.85,18.91
2024-02-22,48.95,1007.4,13.04,19.5,16.59
2024-02-23,61.37,1018.2,16.78,18.09,15.2
2024-02-24,61.02,1018.3,5.92,21.86,16.79
2024-02-25,72.4,1011.83,14.02,24.91,21.39
2024-02-26,66.15,1017.82,14.51,20.6,18.07
2024-02-27,54.49,1021.98,7.04,16.07,14.66
2024-02-28,74.57,1004.39,5.99,22.94,17.29
2024-02-29,70.07,1017.87,9.02,23.79,20.29
2024-03-01,65.52,1002.78,9.35,18.3,17.46
2024-03-02,59.79,1010.3,15.01,22.34,19.26
2024-03-03,54.58,1023.16,9.54,23.11,22.64
2024-03-04,58.62,1011.99,8.57,22.12,17.32
2024-03-05,68.77,1008.92,9.55,20.71,15.46
2024-03-06,74.27,1013.68,16.47,24.85,17.11
2024-03-07,71.8,1024.89,12.05,21.89,17.99
2024-03-08,57.5,1005.28,11.28,19.68,16.67
2024-03-09,53.01,1009.06,11.56,18.61,15.92
2024-03-10,61.76,1021.69,17.17,26.06,21.76
2024-03-11,48.31,1023.37,9.0,24.81,23.19
2024-03-12,62.88,1013.44,17.26,23.82,16.77
2024-03-13,59.51,1007.65,12.84,22.83,17.71
2024-03-14,57.2,1024.2,11.36,22.81,20.34
2024-03-15,49.22,1021.57,22.0,21.77,17.63
2024-03-16,63.9,1016.88,7.78,23.36,18.17
2024-03-17,56.5,1009.3,10.59,19.82,18.12
2024-03-18,51.97,1013.0,7.07,23.04,18.19
2024-03-19,39.97,1012.32,15.81,24.14,20.51
2024-03-20,59.81,1014.65,18.76,26.34,21.16
2024-03-21,72.33,1020.13,18.68,25.08,18.25
2024-03-22,71.47,1017.16,16.9,27.09,21.58
2024-03-23,56.57,1007.25,11.21,28.48,22.17
2024-03-24,55.48,1019.4,10.54,28.02,24.91
2024-03-25,62.89,1013.96,5.32,26.89,21.77
2024-03-26,52.55,1015.71,20.14,26.06,21.9
2024-03-27,61.57,1019.49,13.88,24.04,20.44
2024-03-28,64.75,1006.48,10.03,28.0,21.17
2024-03-29,67.89,1011.74,17.31,30.24,20.25
2024-03-30,58.53,1009.14,8.11,27.46,22.8
2024-03-31,57.73,1003.84,13.63,31.1,24.5
2024-04-01,52.93,1013.3,11.31,23.69,20.65
2024-04-02,53.21,1024.01,14.55,24.68,20.38
2024-04-03,57.34,1002.13,11.75,29.27,22.66
2024-04-04,61.42,1011.05,6.2,28.13,25.4
2024-04-05,65.17,1014.3,12.3,30.61,21.96
2024-04-06,53.08,1011.6,16.2,27.85,23.42
2024-04-07,69.08,1010.3,11.88,26.14,19.51
2024-04-08,56.66,1004.26,15.1,27.74,21.53
2024-04-09,58.33,1011.8,7.82,25.0,20.26
2024-04-10,53.18,1006.74,11.89,26.05,20.32
2024-04-11,41.37,999.46,9.5,30.83,26.47
2024-04-12,64.45,1016.28,14.99,30.77,25.71
2024-04-13,63.35,1014.98,12.13,29.81,24.1
2024-04-14,56.15,1010.34,14.76,25.38,20.66
2024-04-15,58.52,1011.12,16.35,28.54,21.22
2024-04-16,61.6,1015.24,14.77,26.78,21.91
2024-04-17,46.98,1010.88,13.09,32.22,29.13
2024-04-18,54.14,1014.17,8.01,28.5,23.09
2024-04-19,63.34,1008.06,11.99,27.55,21.17
2024-04-20,48.93,1016.0,9.87,30.15,24.36
2024-04-21,59.7,1010.94,10.62,28.82,22.43
2024-04-22,48.08,1010.21,10.5,33.64,23.88
2024-04-23,60.78,1002.78,8.08,28.9,23.52
2024-04-24,57.2,1010.47,4.17,27.59,21.78
2024-04-25,46.08,1004.78,9.33,26.07,20.0
2024-04-26,65.48,1005.65,12.77,30.88,24.73
2024-04-27,52.12,1004.67,6.61,29.84,23.13
2024-04-28,51.53,1003.32,12.06,28.07,22.39
2024-04-29,58.55,1019.18,19.6,33.97,28.3
2024-04-30,65.12,1015.12,16.09,32.95,23.46
2024-05-01,49.91,1017.97,18.57,31.55,23.39
2024-05-02,57.4,1002.17,13.56,34.74,27.36
2024-05-03,59.91,1008.55,16.67,33.32,27.23
2024-05-04,61.71,1001.64,9.1,30.18,21.68
2024-05-05,58.03,1004.54,9.42,29.83,24.35
2024-05-06,54.18,1003.35,1.04,34.03,28.55
2024-05-07,50.9,1014.05,16.74,33.22,23.86
2024-05-08,57.24,1005.79,18.16,32.84,26.43
2024-05-09,49.08,1013.04,9.79,30.72,26.55
2024-05-10,36.09,1010.64,10.98,34.03,28.26
2024-05-11,59.55,1019.06,8.98,31.14,26.75
2024-05-12,62.77,1000.07,13.53,32.68,26.52
2024-05-13,39.86,1013.69,16.5,36.19,29.71
2024-05-14,49.28,1013.05,5.03,31.66,25.86
2024-05-15,60.64,1002.39,13.64,29.75,21.9
2024-05-16,70.66,1012.22,10.89,30.99,23.72
2024-05-17,56.36,1008.8,12.45,35.59,28.73
2024-05-18,51.08,1005.92,13.84,34.05,26.69
2024-05-19,54.86,1002.87,11.25,33.3,23.53
2024-05-20,65.72,1003.33,11.59,32.55,26.61
2024-05-21,51.54,1017.12,11.14,34.82,28.43
2024-05-22,50.43,1006.82,15.88,31.97,25.03
2024-05-23,52.61,1010.67,13.68,34.59,28.65
2024-05-24,49.28,1002.75,12.88,32.38,28.02
2024-05-25,56.78,1002.75,6.92,32.09,22.06
2024-05-26,67.26,1012.01,10.49,32.74,25.88
2024-05-27,58.12,999.81,15.59,33.38,23.89
2024-05-28,54.06,1004.43,12.15,34.16,27.69
2024-05-29,53.76,1006.64,14.64,34.85,27.6
2024-05-30,44.83,1006.98,19.07,26.28,22.46
2024-05-31,61.93,1005.49,16.15,32.68,24.41
2024-06-01,55.18,1008.32,12.37,33.65,24.25
2024-06-02,54.43,1009.77,9.96,37.87,29.43
2024-06-03,78.03,1009.95,1.79,32.23,25.26
2024-06-04,57.75,1001.31,11.33,35.01,28.65
2024-06-05,50.37,1004.79,10.7,37.99,28.7
2024-06-06,52.63,1012.16,13.56,31.85,26.95
2024-06-07,63.64,1010.63,11.38,35.64,26.75
2024-06-08,56.38,999.27,10.72,33.05,26.48
2024-06-09,45.5,1007.87,4.88,33.73,27.44
2024-06-10,61.99,996.2,8.24,33.11,25.95
2024-06-11,50.87,1006.31,13.91,33.29,27.74
2024-06-12,68.65,1015.54,18.86,40.91,28.93
2024-06-13,63.09,1001.3,11.61,36.8,27.28
2024-06-14,52.39,1001.86,13.31,37.38,29.57
2024-06-15,64.48,1009.84,15.81,36.05,30.56
2024-06-16,55.98,998.3,8.76,31.45,23.9
2024-06-17,61.47,1002.84,13.47,35.86,30.17
2024-06-18,58.89,1008.98,9.04,37.36,31.95
2024-06-19,49.58,1002.83,15.46,33.12,26.21
2024-06-20,51.0,1004.82,12.61,37.12,29.01
2024-06-21,62.71,1009.72,13.19,36.55,27.24
2024-06-22,53.16,1008.12,8.87,39.06,30.93
2024-06-23,52.68,1007.35,14.83,34.06,25.12
2024-06-24,48.83,1004.33,20.34,32.55,25.55
2024-06-25,58.49,1007.88,7.97,34.16,29.07
2024-06-26,69.97,1005.43,10.64,38.09,27.96
2024-06-27,48.07,1008.35,12.93,30.89,24.91
2024-06-28,55.72,1003.59,15.15,30.34,21.68
2024-06-29,65.45,1005.18,9.76,35.06,27.48
2024-06-30,55.02,1001.17,1.0,33.86,27.89
2024-07-01,58.76,1005.97,17.44,34.82,26.84
2024-07-02,48.17,1002.11,15.04,36.84,28.86
2024-07-03,58.62,1000.62,5.03,33.51,26.28
2024-07-04,54.33,1007.52,9.57,30.56,25.38
2024-07-05,62.56,1007.32,18.27,39.14,29.5
2024-07-06,64.0,1010.2,17.79,32.4,25.11
2024-07-07,73.83,1004.17,15.75,32.21,24.04
2024-07-08,59.79,1008.4,11.3,36.92,30.22
2024-07-09,58.04,1009.15,12.33,33.59,27.32
2024-07-10,57.14,1008.66,11.48,34.23,27.28
2024-07-11,53.34,1002.35,16.51,35.37,29.54
2024-07-12,58.21,1007.27,8.5,36.63,29.41
2024-07-13,53.8,1008.39,8.78,33.45,28.63
2024-07-14,57.08,1006.66,16.04,37.46,29.72
2024-07-15,65.16,996.24,11.82,29.34,20.07
2024-07-16,48.92,1007.53,17.51,35.64,29.88
2024-07-17,63.98,1017.84,9.31,32.04,25.53
2024-07-18,65.26,1005.04,11.78,36.83,28.05
2024-07-19,55.25,1003.25,8.31,34.04,27.5
2024-07-20,41.26,1008.82,12.03,32.16,26.32
2024-07-21,51.9,1008.58,6.09,35.01,28.73
2024-07-22,65.27,1013.04,10.05,35.43,26.71
2024-07-23,56.07,1000.85,6.25,34.78,29.35
2024-07-24,49.28,1010.87,14.78,31.01,24.99
2024-07-25,52.79,1010.23,14.87,32.11,25.13
2024-07-26,62.25,1006.64,5.08,33.06,25.03
2024-07-27,60.24,1009.11,17.34,32.88,25.7
2024-07-28,54.79,1012.64,21.99,34.52,26.94
2024-07-29,53.94,1011.93,12.18,28.33,23.58
2024-07-30,53.82,1001.93,9.44,33.38,25.31
2024-07-31,50.15,1011.82,23.3,31.9,22.97
2024-08-01,67.97,1007.48,6.72,30.58,24.69
2024-08-02,54.46,1008.25,12.08,30.67,26.55
2024-08-03,65.29,1008.33,12.72,31.72,23.12
2024-08-04,67.47,1007.3,17.38,24.14,20.49
2024-08-05,63.86,1014.1,13.44,30.4,24.11
2024-08-06,53.91,1007.81,10.01,29.89,24.24
2024-08-07,59.81,1002.72,8.2,32.87,25.4
2024-08-08,56.88,1006.44,10.63,29.79,22.05
2024-08-09,50.78,1009.39,7.97,30.96,26.77
2024-08-10,59.44,1014.74,12.19,34.69,26.29
2024-08-11,48.97,1011.7,9.74,33.35,26.26
2024-08-12,65.6,1004.53,6.02,33.01,27.08
2024-08-13,54.1,1021.3,17.02,29.79,21.56
2024-08-14,58.82,1010.3,10.01,31.95,23.43
2024-08-15,59.46,1015.45,6.93,30.1,24.41
2024-08-16,55.73,1008.41,11.33,30.04,24.51
2024-08-17,61.71,1011.94,12.27,31.22,25.16
2024-08-18,54.35,1013.57,5.01,28.86,23.66
2024-08-19,63.84,1015.57,13.33,33.31,29.18
2024-08-20,48.38,1014.87,7.81,29.53,24.52
2024-08-21,58.76,1014.05,18.84,31.09,23.91
2024-08-22,71.51,1008.22,14.1,32.78,23.57
2024-08-23,51.01,1007.05,10.4,31.69,25.89
2024-08-24,53.34,1011.68,9.02,26.17,22.61
2024-08-25,61.75,1014.79,11.58,30.09,25.42
2024-08-26,59.48,1009.12,14.45,30.82,22.23
2024-08-27,60.75,1015.67,11.9,30.76,24.09
2024-08-28,61.79,1017.72,11.13,26.19,21.74
2024-08-29,62.88,1005.99,12.23,27.03,22.0
2024-08-30,66.28,1006.5,9.58,30.5,23.7
2024-08-31,61.45,1010.09,10.63,26.47,21.91
2024-09-01,56.97,1012.45,3.66,27.33,21.76
2024-09-02,63.44,1008.4,15.89,31.29,26.07
2024-09-03,72.1,1017.9,13.2,27.55,22.45
2024-09-04,57.95,1013.38,8.91,25.89,19.56
2024-09-05,52.13,1011.57,19.59,25.39,19.1
2024-09-06,66.78,1004.31,12.35,27.89,20.13
2024-09-07,58.26,1005.03,7.86,24.05,20.67
2024-09-08,43.97,1013.13,15.43,26.27,20.5
2024-09-09,65.19,1001.18,13.59,27.38,20.63
2024-09-10,55.59,1017.03,13.58,29.34,24.3
2024-09-11,58.78,1011.29,10.3,27.78,22.34
2024-09-12,61.81,1028.42,13.8,24.57,20.44
2024-09-13,60.9,1023.86,10.95,28.56,21.75
2024-09-14,64.61,1011.54,14.22,25.14,20.52
2024-09-15,56.67,1012.03,4.38,22.9,18.78
2024-09-16,63.39,1017.66,10.26,25.07,19.88
2024-09-17,58.06,1021.32,18.89,28.44,22.88
2024-09-18,65.12,1004.73,8.93,25.47,20.3
2024-09-19,64.34,1004.11,9.58,24.96,19.82
2024-09-20,53.56,1010.06,10.21,28.37,22.26
2024-09-21,67.79,1016.2,7.14,21.44,17.15
2024-09-22,56.51,1015.89,3.17,21.59,18.86
2024-09-23,65.99,1018.88,11.08,20.69,15.12
2024-09-24,62.99,1007.65,12.54,24.9,19.12
2024-09-25,73.36,1002.19,11.79,24.27,18.84
2024-09-26,59.01,1018.18,11.42,27.13,20.39
2024-09-27,58.2,1009.86,12.17,24.1,21.13
2024-09-28,60.59,1004.03,16.09,22.51,19.45
2024-09-29,58.68,1014.97,11.24,23.23,17.57
2024-09-30,66.47,1018.33,9.7,23.31,20.62
2024-10-01,49.64,1013.87,10.88,19.21,16.83
2024-10-02,53.65,1012.31,14.32,28.68,23.74
2024-10-03,53.63,1013.92,17.65,23.7,18.74
2024-10-04,67.83,1012.98,9.49,22.85,19.46
2024-10-05,73.23,1008.21,12.4,23.57,18.51
2024-10-06,60.59,1011.49,13.35,23.62,17.98
2024-10-07,60.22,1017.78,8.03,21.58,16.71
2024-10-08,61.96,1016.9,12.08,20.34,14.94
2024-10-09,69.68,1016.24,6.14,22.89,18.75
2024-10-10,55.13,1010.54,4.92,22.25,19.89
2024-10-11,63.36,1014.72,13.47,19.46,16.77
2024-10-12,68.59,1004.85,10.46,24.21,18.71
2024-10-13,65.34,1016.74,12.81,21.57,15.89
2024-10-14,63.23,1023.1,11.93,22.38,17.52
2024-10-15,68.98,1008.7,8.09,23.68,20.25
2024-10-16,43.12,1013.25,11.82,20.51,17.75
2024-10-17,66.86,1017.93,7.07,21.01,17.55
2024-10-18,57.6,1022.65,17.56,21.94,16.68
2024-10-19,49.43,1014.25,6.58,18.41,17.25
2024-10-20,65.89,1013.14,11.22,19.98,15.63
2024-10-21,71.99,1006.86,7.83,19.99,17.18
2024-10-22,61.48,1017.32,14.28,17.47,15.65
2024-10-23,69.18,1027.11,10.67,24.52,19.05
2024-10-24,73.86,1018.39,9.93,16.19,12.95
2024-10-25,71.84,1016.99,15.41,16.29,12.15
2024-10-26,74.18,1018.81,12.12,21.9,15.19
2024-10-27,67.95,1017.24,14.07,20.44,15.17
2024-10-28,63.35,1013.32,8.07,16.48,14.42
2024-10-29,51.67,1021.6,6.38,19.94,18.39
2024-10-30,61.22,1018.7,12.43,21.7,18.09
2024-10-31,57.09,1017.75,10.72,18.27,15.48
2024-11-01,78.25,1012.87,14.51,23.93,19.02
2024-11-02,61.88,1024.36,11.68,14.29,12.83
2024-11-03,64.03,1021.25,12.82,19.49,17.05
2024-11-04,67.08,1015.25,5.51,20.41,14.65
2024-11-05,63.58,1023.1,19.55,19.68,10.73
2024-11-06,75.19,1015.69,11.34,17.16,13.88
2024-11-07,59.02,1014.35,14.79,16.85,12.42
2024-11-08,64.79,1014.54,8.66,18.36,15.11
2024-11-09,58.28,1009.56,13.23,19.06,15.51
2024-11-10,54.29,1020.85,6.79,18.49,18.72
2024-11-11,59.29,1009.41,13.81,19.34,16.49
2024-11-12,63.36,1012.49,10.58,14.71,12.88
2024-11-13,60.66,1008.33,12.12,16.35,14.9
2024-11-14,58.86,1018.34,14.79,14.68,13.32
2024-11-15,53.91,1018.09,7.07,15.81,14.06
2024-11-16,63.22,1017.27,9.26,18.8,17.26
2024-11-17,53.3,1013.76,13.83,16.71,13.24
2024-11-18,69.2,1013.17,20.39,22.12,17.18
2024-11-19,64.49,1021.41,11.45,16.72,12.21
2024-11-20,53.75,1016.4,14.36,16.34,14.69
2024-11-21,61.83,1020.79,11.57,16.37,14.4
2024-11-22,58.76,1014.84,19.77,14.65,14.5
2024-11-23,66.29,1020.22,5.01,15.85,11.89
2024-11-24,73.48,1025.88,12.38,18.39,13.98
2024-11-25,51.0,1022.35,5.5,16.09,16.41
2024-11-26,64.96,1017.4,1.97,14.02,13.31
2024-11-27,63.06,1020.79,13.19,13.67,12.21
2024-11-28,68.91,1018.35,12.56,14.65,10.95
2024-11-29,65.73,1019.63,10.86,15.74,12.64
2024-11-30,59.0,1018.0,11.58,18.15,17.19
2024-12-01,62.05,1018.85,24.39,12.52,10.21
2024-12-02,58.74,1020.77,10.97,14.72,13.74
2024-12-03,71.86,1014.77,14.04,15.69,12.33
2024-12-04,64.5,1014.69,9.4,11.29,8.73
2024-12-05,77.68,1012.86,13.18,13.45,11.63
2024-12-06,63.96,1011.83,11.05,13.75,12.52
2024-12-07,59.45,1013.77,10.36,13.46,15.13
2024-12-08,53.82,1020.67,19.28,15.6,12.29
2024-12-09,51.81,1015.43,16.71,14.79,14.31
2024-12-10,53.36,1022.49,12.55,13.9,11.31
2024-12-11,66.33,1020.11,2.78,16.03,14.43
2024-12-12,68.03,1010.11,10.56,18.86,16.48
2024-12-13,53.41,1023.24,22.81,18.66,12.95
2024-12-14,70.75,1024.03,11.08,10.81,9.3
2024-12-15,61.11,1015.01,16.41,16.29,12.86
2024-12-16,65.52,1022.09,17.77,14.62,11.22
2024-12-17,75.78,1015.71,12.88,15.35,12.54
2024-12-18,70.78,1020.49,8.63,14.13,13.5
2024-12-19,62.62,1013.68,2.26,15.26,13.64
2024-12-20,58.26,1011.03,14.74,15.33,13.41
2024-12-21,49.43,1018.08,8.74,13.73,13.53
2024-12-22,59.46,1019.37,12.7,13.04,11.81
2024-12-23,63.01,1017.99,7.0,14.04,11.24
2024-12-24,57.57,1014.05,10.94,15.55,15.19
2024-12-25,63.56,1017.96,12.13,16.37,14.27
2024-12-26,65.0,1021.29,13.07,16.95,14.72
2024-12-27,62.88,1019.71,7.54,14.01,11.61
2024-12-28,59.9,1020.83,16.79,15.75,12.84
2024-12-29,65.61,1016.54,9.61,17.27,14.29
2024-12-30,67.51,1025.73,5.3,17.74,13.34
2024-12-31,56.77,1013.97,11.56,15.09,11.23
2025-01-01,74.28,1022.28,12.14,14.74,11.2
2025-01-02,63.69,1025.73,12.64,15.68,14.25
2025-01-03,64.5,1022.19,17.45,12.77,10.07
2025-01-04,69.3,1018.75,11.05,14.92,11.16
2025-01-05,65.96,1017.08,11.52,17.03,13.13
2025-01-06,70.97,1024.87,7.59,16.85,13.61
2025-01-07,66.29,1012.54,15.28,14.9,11.73
2025-01-08,59.97,1014.77,12.74,16.03,16.59
2025-01-09,66.76,1017.59,10.32,13.79,13.27
2025-01-10,56.19,1025.72,4.38,17.21,17.26
2025-01-11,64.93,1021.39,17.78,15.56,14.35
2025-01-12,63.91,1014.6,7.09,15.19,12.0
2025-01-13,62.66,1017.85,9.63,15.07,11.62
2025-01-14,63.18,1016.28,13.43,15.79,11.9
2025-01-15,50.87,1015.75,7.21,15.02,15.99
2025-01-16,60.17,1024.14,6.03,17.53,14.95
2025-01-17,64.63,1012.33,3.5,15.29,11.91
2025-01-18,65.06,1027.17,14.88,19.75,15.69
2025-01-19,56.71,1023.21,9.82,19.55,16.75
2025-01-20,72.72,1024.46,23.71,14.45,11.39
2025-01-21,57.76,1016.63,8.02,16.66,15.17
2025-01-22,70.57,1018.13,8.31,15.17,11.69
2025-01-23,66.73,1011.65,9.74,15.97,14.23
2025-01-24,59.17,1016.12,12.97,21.19,16.75
2025-01-25,76.08,1021.15,10.12,16.21,12.82
2025-01-26,55.25,1025.09,14.45,17.78,16.48
2025-01-27,69.99,1013.0,8.09,18.29,14.08
2025-01-28,70.51,1016.63,6.47,15.0,12.01
2025-01-29,58.77,1017.63,4.81,15.43,14.93
2025-01-30,73.16,1011.33,3.11,14.77,11.37
2025-01-31,61.61,1021.18,9.93,15.58,13.24
2025-02-01,65.33,1014.53,10.8,11.38,10.87
2025-02-02,65.08,1017.09,9.47,18.97,18.48
2025-02-03,62.26,1015.72,16.97,22.41,18.66
2025-02-04,68.82,1013.95,16.91,18.33,14.98
2025-02-05,68.64,1017.77,10.66,15.02,13.3
2025-02-06,50.79,1016.64,4.82,16.85,14.39
2025-02-07,72.11,1015.77,9.73,17.38,14.2
2025-02-08,51.28,1013.9,9.6,16.28,14.84
2025-02-09,70.09,1019.04,9.37,20.54,17.03
2025-02-10,70.68,1025.62,9.21,20.57,16.95
2025-02-11,55.1,1017.96,9.39,16.38,15.27
2025-02-12,59.8,1022.14,10.45,20.65,17.12
2025-02-13,54.87,1010.11,9.46,22.55,19.08
2025-02-14,61.04,1017.75,12.83,23.52,17.57
2025-02-15,60.33,1011.38,13.44,25.78,20.2
2025-02-16,67.88,1009.38,8.36,17.64,16.3
2025-02-17,71.53,1012.96,17.08,25.98,20.03
2025-02-18,72.06,1022.52,8.08,19.14,15.63
2025-02-19,58.29,1021.2,5.53,18.76,19.11
2025-02-20,60.69,1017.56,13.52,20.94,15.5
2025-02-21,50.3,1008.58,8.73,19.09,15.45
2025-02-22,56.37,1015.15,13.29,21.4,20.13
2025-02-23,68.7,1017.54,2.39,17.77,15.3
2025-02-24,73.19,1016.8,17.57,20.31,15.16
2025-02-25,53.17,1006.59,14.69,23.82,17.97
2025-02-26,57.59,1011.25,6.0,21.02,18.58
2025-02-27,61.48,1015.27,6.08,21.62,18.93
2025-02-28,63.55,1018.16,18.69,22.51,16.36
2025-03-01,55.85,1004.38,9.05,24.2,19.79
2025-03-02,64.41,1014.44,8.66,18.15,14.83
2025-03-03,58.05,1015.85,2.94,23.24,20.27
2025-03-04,61.2,1019.27,10.6,21.53,16.49
2025-03-05,65.05,1018.37,11.09,22.65,20.0
2025-03-06,61.19,1017.7,14.86,24.78,21.09
2025-03-07,58.02,1010.67,6.4,19.99,16.7
2025-03-08,60.23,1005.01,5.92,20.55,16.99
2025-03-09,60.3,1012.47,13.8,18.69,15.34
2025-03-10,58.26,1019.32,16.03,21.91,17.01
2025-03-11,58.96,1021.17,5.72,26.22,21.37
2025-03-12,71.88,1017.63,16.33,23.19,17.43
2025-03-13,64.54,1016.11,12.15,20.68,18.94
2025-03-14,58.47,1015.74,16.37,22.73,19.69
2025-03-15,65.34,1010.94,11.72,20.7,17.89
2025-03-16,58.05,1012.95,1.91,21.67,19.28
2025-03-17,68.52,1021.83,11.39,25.17,18.54
2025-03-18,62.82,1008.65,16.24,21.9,17.26
2025-03-19,59.4,1021.31,8.43,27.1,23.6
2025-03-20,63.21,1011.51,10.45,24.67,18.19
2025-03-21,49.0,1019.63,11.3,25.19,22.34
2025-03-22,52.04,1005.85,1.0,24.56,24.24
2025-03-23,51.49,1015.69,18.69,27.04,23.32
2025-03-24,60.77,1008.96,8.39,27.24,23.8
2025-03-25,71.82,1005.44,14.02,26.42,20.22
2025-03-26,75.23,1013.49,11.65,27.1,21.84
2025-03-27,64.0,1017.33,17.03,25.56,19.12
2025-03-28,62.97,1007.93,13.62,27.39,22.48
2025-03-29,46.78,1004.54,11.06,25.63,22.42
2025-03-30,55.51,1011.46,8.43,26.55,22.33
2025-03-31,53.72,1011.36,15.19,26.11,22.95
2025-04-01,54.81,1014.42,4.51,25.88,21.23
2025-04-02,57.9,1016.31,14.58,25.53,20.44
2025-04-03,55.7,1011.15,7.6,28.25,23.34
2025-04-04,45.07,1020.61,17.01,30.27,23.72
2025-04-05,64.09,1012.33,12.65,30.13,23.83
2025-04-06,51.27,1009.37,14.58,24.95,18.36
2025-04-07,60.38,1002.92,12.33,30.72,25.36
2025-04-08,73.15,1009.55,4.99,27.35,21.4
2025-04-09,52.12,1009.07,8.56,29.53,23.61
2025-04-10,40.77,1015.44,14.69,26.38,21.54
2025-04-11,56.41,1012.84,12.67,28.85,22.93
2025-04-12,66.04,1004.52,16.72,29.39,23.18
2025-04-13,71.97,1011.16,13.61,25.59,20.23
2025-04-14,49.59,1013.55,8.13,30.35,24.33
2025-04-15,61.6,1017.72,8.82,32.13,24.54
2025-04-16,54.8,1014.41,12.41,28.94,24.36
2025-04-17,57.24,1013.67,2.74,32.47,25.66
2025-04-18,76.43,1010.06,18.69,29.22,21.42
2025-04-19,47.33,1011.59,13.77,31.65,26.02
2025-04-20,59.56,1015.79,16.91,25.05,20.41
2025-04-21,60.99,1002.78,5.68,35.4,28.97
2025-04-22,65.25,1007.59,16.98,33.52,23.75
2025-04-23,58.27,1005.37,20.93,29.75,20.37
2025-04-24,59.67,1011.03,6.72,26.18,20.74
2025-04-25,54.71,1015.19,15.09,31.3,27.36
2025-04-26,59.27,1005.95,12.0,27.63,24.61
2025-04-27,54.92,996.89,5.82,31.92,28.02
2025-04-28,61.61,1006.68,13.97,31.99,24.54
2025-04-29,54.62,1013.22,15.33,29.15,21.08
2025-04-30,59.78,1011.24,9.6,33.82,23.7
2025-05-01,56.88,1010.6,16.66,33.25,25.19
2025-05-02,64.91,1006.97,5.33,33.76,26.25
2025-05-03,56.61,1001.89,6.02,31.76,27.21
2025-05-04,44.5,1010.77,12.55,28.75,25.2
2025-05-05,65.69,1003.94,12.1,34.14,26.38
2025-05-06,50.46,1018.94,9.13,31.52,24.95
2025-05-07,52.17,1010.79,15.24,29.18,22.3
2025-05-08,52.52,1004.95,14.12,35.32,28.19
2025-05-09,66.26,1004.72,15.43,37.08,28.82
2025-05-10,41.64,1007.23,11.51,32.49,27.48
2025-05-11,78.5,1006.42,14.41,37.44,25.98
2025-05-12,63.88,1013.12,10.22,33.0,26.68
2025-05-13,58.01,1008.4,20.22,32.07,25.25
2025-05-14,56.01,1003.73,8.75,31.62,23.92
2025-05-15,58.35,1016.77,20.42,36.71,27.23
2025-05-16,59.95,1007.5,12.14,31.49,25.64
2025-05-17,60.78,1011.03,6.5,34.93,27.4
2025-05-18,60.11,1004.08,17.47,32.17,26.76
2025-05-19,56.8,1008.87,12.5,32.48,26.37
2025-05-20,54.76,1008.55,15.4,35.85,27.43
2025-05-21,55.04,997.48,16.9,32.83,25.41
2025-05-22,54.7,1016.95,13.35,32.86,26.42
2025-05-23,63.96,1013.27,9.63,36.33,27.33
2025-05-24,60.14,1004.77,15.9,37.43,27.43
2025-05-25,35.37,1001.19,12.0,35.41,30.26
2025-05-26,60.51,1008.39,14.74,32.63,26.43
2025-05-27,57.25,1007.04,3.39,33.01,27.53
2025-05-28,55.73,1008.33,13.79,34.38,29.02
2025-05-29,53.11,1007.47,9.45,34.98,27.31
2025-05-30,63.67,1009.0,18.61,32.16,26.63
2025-05-31,62.4,1013.66,14.49,35.99,26.61
2025-06-01,50.34,1009.22,12.96,34.64,26.45
2025-06-02,58.57,1001.1,13.95,30.73,21.68
2025-06-03,48.9,1013.12,8.01,32.52,26.28
2025-06-04,46.02,1014.48,18.49,33.5,26.35
2025-06-05,51.27,1022.0,19.97,34.49,28.09
2025-06-06,61.67,1000.59,13.57,38.85,29.9
2025-06-07,62.29,1007.4,18.36,35.26,25.22
2025-06-08,59.19,995.75,9.72,32.93,25.17
2025-06-09,60.66,1008.9,8.81,35.3,27.25
2025-06-10,59.18,1003.37,12.16,34.07,24.22
2025-06-11,51.07,1015.71,13.74,35.59,27.24
2025-06-12,58.57,1002.2,10.42,36.18,27.2
2025-06-13,61.14,997.61,14.15,37.58,30.44
2025-06-14,60.81,1003.68,13.23,34.89,27.17
2025-06-15,63.84,996.15,8.01,38.56,30.37
2025-06-16,60.47,1009.77,14.08,36.97,26.61
2025-06-17,57.97,995.69,15.45,33.43,27.23
2025-06-18,62.99,1006.15,12.69,39.85,32.13
2025-06-19,55.32,995.61,16.61,35.72,24.84
2025-06-20,49.33,1004.4,7.13,33.16,26.19
2025-06-21,54.36,1014.22,13.87,38.64,31.04
2025-06-22,50.29,1007.81,7.32,39.57,32.56
